
Cell sky130_fd_sc_hs__decap_4 (0) disconnected node: VGND
Cell sky130_fd_sc_hs__decap_4 (0) disconnected node: VNB
Cell sky130_fd_sc_hs__decap_4 (0) disconnected node: VPB
Cell sky130_fd_sc_hs__decap_4 (0) disconnected node: VPWR

Subcircuit pins:
Circuit 1: sky130_fd_sc_hs__decap_4        |Circuit 2: sky130_fd_sc_hs__decap_4        
-------------------------------------------|-------------------------------------------
VGND                                       |VGND                                       
VNB                                        |VNB                                        
VPB                                        |VPB                                        
VPWR                                       |VPWR                                       
---------------------------------------------------------------------------------------
Cell pin lists are equivalent.
Device classes sky130_fd_sc_hs__decap_4 and sky130_fd_sc_hs__decap_4 are equivalent.

Cell sky130_fd_sc_hs__fill_8 (0) disconnected node: VGND
Cell sky130_fd_sc_hs__fill_8 (0) disconnected node: VNB
Cell sky130_fd_sc_hs__fill_8 (0) disconnected node: VPB
Cell sky130_fd_sc_hs__fill_8 (0) disconnected node: VPWR
Cell sky130_fd_sc_hs__fill_8 (1) disconnected node: VGND
Cell sky130_fd_sc_hs__fill_8 (1) disconnected node: VNB
Cell sky130_fd_sc_hs__fill_8 (1) disconnected node: VPB
Cell sky130_fd_sc_hs__fill_8 (1) disconnected node: VPWR

Subcircuit pins:
Circuit 1: sky130_fd_sc_hs__fill_8         |Circuit 2: sky130_fd_sc_hs__fill_8         
-------------------------------------------|-------------------------------------------
VGND                                       |VGND                                       
VNB                                        |VNB                                        
VPB                                        |VPB                                        
VPWR                                       |VPWR                                       
---------------------------------------------------------------------------------------
Cell pin lists are equivalent.
Device classes sky130_fd_sc_hs__fill_8 and sky130_fd_sc_hs__fill_8 are equivalent.

Cell sky130_fd_sc_hs__nand2b_1 (0) disconnected node: A_N
Cell sky130_fd_sc_hs__nand2b_1 (0) disconnected node: B
Cell sky130_fd_sc_hs__nand2b_1 (0) disconnected node: VGND
Cell sky130_fd_sc_hs__nand2b_1 (0) disconnected node: VNB
Cell sky130_fd_sc_hs__nand2b_1 (0) disconnected node: VPB
Cell sky130_fd_sc_hs__nand2b_1 (0) disconnected node: VPWR
Cell sky130_fd_sc_hs__nand2b_1 (0) disconnected node: Y

Subcircuit pins:
Circuit 1: sky130_fd_sc_hs__nand2b_1       |Circuit 2: sky130_fd_sc_hs__nand2b_1       
-------------------------------------------|-------------------------------------------
A_N                                        |A_N                                        
B                                          |B                                          
VGND                                       |VGND                                       
VNB                                        |VNB                                        
VPB                                        |VPB                                        
VPWR                                       |VPWR                                       
Y                                          |Y                                          
---------------------------------------------------------------------------------------
Cell pin lists are equivalent.
Device classes sky130_fd_sc_hs__nand2b_1 and sky130_fd_sc_hs__nand2b_1 are equivalent.

Cell sky130_fd_sc_hs__tapvpwrvgnd_1 (0) disconnected node: VGND
Cell sky130_fd_sc_hs__tapvpwrvgnd_1 (0) disconnected node: VPWR
Cell sky130_fd_sc_hs__tapvpwrvgnd_1 (1) disconnected node: VGND
Cell sky130_fd_sc_hs__tapvpwrvgnd_1 (1) disconnected node: VPWR

Subcircuit pins:
Circuit 1: sky130_fd_sc_hs__tapvpwrvgnd_1  |Circuit 2: sky130_fd_sc_hs__tapvpwrvgnd_1  
-------------------------------------------|-------------------------------------------
VGND                                       |VGND                                       
VPWR                                       |VPWR                                       
---------------------------------------------------------------------------------------
Cell pin lists are equivalent.
Device classes sky130_fd_sc_hs__tapvpwrvgnd_1 and sky130_fd_sc_hs__tapvpwrvgnd_1 are equivalent.

Cell sky130_fd_sc_hs__dfxtp_1 (0) disconnected node: CLK
Cell sky130_fd_sc_hs__dfxtp_1 (0) disconnected node: D
Cell sky130_fd_sc_hs__dfxtp_1 (0) disconnected node: VGND
Cell sky130_fd_sc_hs__dfxtp_1 (0) disconnected node: VNB
Cell sky130_fd_sc_hs__dfxtp_1 (0) disconnected node: VPB
Cell sky130_fd_sc_hs__dfxtp_1 (0) disconnected node: VPWR
Cell sky130_fd_sc_hs__dfxtp_1 (0) disconnected node: Q

Subcircuit pins:
Circuit 1: sky130_fd_sc_hs__dfxtp_1        |Circuit 2: sky130_fd_sc_hs__dfxtp_1        
-------------------------------------------|-------------------------------------------
CLK                                        |CLK                                        
D                                          |D                                          
VGND                                       |VGND                                       
VNB                                        |VNB                                        
VPB                                        |VPB                                        
VPWR                                       |VPWR                                       
Q                                          |Q                                          
---------------------------------------------------------------------------------------
Cell pin lists are equivalent.
Device classes sky130_fd_sc_hs__dfxtp_1 and sky130_fd_sc_hs__dfxtp_1 are equivalent.

Cell sky130_fd_sc_hs__fill_1 (0) disconnected node: VGND
Cell sky130_fd_sc_hs__fill_1 (0) disconnected node: VNB
Cell sky130_fd_sc_hs__fill_1 (0) disconnected node: VPB
Cell sky130_fd_sc_hs__fill_1 (0) disconnected node: VPWR
Cell sky130_fd_sc_hs__fill_1 (1) disconnected node: VGND
Cell sky130_fd_sc_hs__fill_1 (1) disconnected node: VNB
Cell sky130_fd_sc_hs__fill_1 (1) disconnected node: VPB
Cell sky130_fd_sc_hs__fill_1 (1) disconnected node: VPWR

Subcircuit pins:
Circuit 1: sky130_fd_sc_hs__fill_1         |Circuit 2: sky130_fd_sc_hs__fill_1         
-------------------------------------------|-------------------------------------------
VGND                                       |VGND                                       
VNB                                        |VNB                                        
VPB                                        |VPB                                        
VPWR                                       |VPWR                                       
---------------------------------------------------------------------------------------
Cell pin lists are equivalent.
Device classes sky130_fd_sc_hs__fill_1 and sky130_fd_sc_hs__fill_1 are equivalent.

Cell sky130_fd_sc_hs__fill_2 (0) disconnected node: VGND
Cell sky130_fd_sc_hs__fill_2 (0) disconnected node: VNB
Cell sky130_fd_sc_hs__fill_2 (0) disconnected node: VPB
Cell sky130_fd_sc_hs__fill_2 (0) disconnected node: VPWR
Cell sky130_fd_sc_hs__fill_2 (1) disconnected node: VGND
Cell sky130_fd_sc_hs__fill_2 (1) disconnected node: VNB
Cell sky130_fd_sc_hs__fill_2 (1) disconnected node: VPB
Cell sky130_fd_sc_hs__fill_2 (1) disconnected node: VPWR

Subcircuit pins:
Circuit 1: sky130_fd_sc_hs__fill_2         |Circuit 2: sky130_fd_sc_hs__fill_2         
-------------------------------------------|-------------------------------------------
VGND                                       |VGND                                       
VNB                                        |VNB                                        
VPB                                        |VPB                                        
VPWR                                       |VPWR                                       
---------------------------------------------------------------------------------------
Cell pin lists are equivalent.
Device classes sky130_fd_sc_hs__fill_2 and sky130_fd_sc_hs__fill_2 are equivalent.

Cell sky130_fd_sc_hs__dlygate4sd3_1 (0) disconnected node: A
Cell sky130_fd_sc_hs__dlygate4sd3_1 (0) disconnected node: VGND
Cell sky130_fd_sc_hs__dlygate4sd3_1 (0) disconnected node: VNB
Cell sky130_fd_sc_hs__dlygate4sd3_1 (0) disconnected node: VPB
Cell sky130_fd_sc_hs__dlygate4sd3_1 (0) disconnected node: VPWR
Cell sky130_fd_sc_hs__dlygate4sd3_1 (0) disconnected node: X

Subcircuit pins:
Circuit 1: sky130_fd_sc_hs__dlygate4sd3_1  |Circuit 2: sky130_fd_sc_hs__dlygate4sd3_1  
-------------------------------------------|-------------------------------------------
A                                          |A                                          
VGND                                       |VGND                                       
VNB                                        |VNB                                        
VPB                                        |VPB                                        
VPWR                                       |VPWR                                       
X                                          |X                                          
---------------------------------------------------------------------------------------
Cell pin lists are equivalent.
Device classes sky130_fd_sc_hs__dlygate4sd3_1 and sky130_fd_sc_hs__dlygate4sd3_1 are equivalent.

Cell sky130_fd_sc_hs__buf_2 (0) disconnected node: A
Cell sky130_fd_sc_hs__buf_2 (0) disconnected node: VGND
Cell sky130_fd_sc_hs__buf_2 (0) disconnected node: VNB
Cell sky130_fd_sc_hs__buf_2 (0) disconnected node: VPB
Cell sky130_fd_sc_hs__buf_2 (0) disconnected node: VPWR
Cell sky130_fd_sc_hs__buf_2 (0) disconnected node: X

Subcircuit pins:
Circuit 1: sky130_fd_sc_hs__buf_2          |Circuit 2: sky130_fd_sc_hs__buf_2          
-------------------------------------------|-------------------------------------------
A                                          |A                                          
VGND                                       |VGND                                       
VNB                                        |VNB                                        
VPB                                        |VPB                                        
VPWR                                       |VPWR                                       
X                                          |X                                          
---------------------------------------------------------------------------------------
Cell pin lists are equivalent.
Device classes sky130_fd_sc_hs__buf_2 and sky130_fd_sc_hs__buf_2 are equivalent.

Cell sky130_fd_sc_hs__clkbuf_8 (0) disconnected node: A
Cell sky130_fd_sc_hs__clkbuf_8 (0) disconnected node: VGND
Cell sky130_fd_sc_hs__clkbuf_8 (0) disconnected node: VNB
Cell sky130_fd_sc_hs__clkbuf_8 (0) disconnected node: VPB
Cell sky130_fd_sc_hs__clkbuf_8 (0) disconnected node: VPWR
Cell sky130_fd_sc_hs__clkbuf_8 (0) disconnected node: X

Subcircuit pins:
Circuit 1: sky130_fd_sc_hs__clkbuf_8       |Circuit 2: sky130_fd_sc_hs__clkbuf_8       
-------------------------------------------|-------------------------------------------
A                                          |A                                          
VGND                                       |VGND                                       
VNB                                        |VNB                                        
VPB                                        |VPB                                        
VPWR                                       |VPWR                                       
X                                          |X                                          
---------------------------------------------------------------------------------------
Cell pin lists are equivalent.
Device classes sky130_fd_sc_hs__clkbuf_8 and sky130_fd_sc_hs__clkbuf_8 are equivalent.

Cell sky130_fd_sc_hs__clkbuf_4 (0) disconnected node: A
Cell sky130_fd_sc_hs__clkbuf_4 (0) disconnected node: VGND
Cell sky130_fd_sc_hs__clkbuf_4 (0) disconnected node: VNB
Cell sky130_fd_sc_hs__clkbuf_4 (0) disconnected node: VPB
Cell sky130_fd_sc_hs__clkbuf_4 (0) disconnected node: VPWR
Cell sky130_fd_sc_hs__clkbuf_4 (0) disconnected node: X

Subcircuit pins:
Circuit 1: sky130_fd_sc_hs__clkbuf_4       |Circuit 2: sky130_fd_sc_hs__clkbuf_4       
-------------------------------------------|-------------------------------------------
A                                          |A                                          
VGND                                       |VGND                                       
VNB                                        |VNB                                        
VPB                                        |VPB                                        
VPWR                                       |VPWR                                       
X                                          |X                                          
---------------------------------------------------------------------------------------
Cell pin lists are equivalent.
Device classes sky130_fd_sc_hs__clkbuf_4 and sky130_fd_sc_hs__clkbuf_4 are equivalent.

Cell sky130_fd_sc_hs__a222o_2 (0) disconnected node: A1
Cell sky130_fd_sc_hs__a222o_2 (0) disconnected node: A2
Cell sky130_fd_sc_hs__a222o_2 (0) disconnected node: B1
Cell sky130_fd_sc_hs__a222o_2 (0) disconnected node: B2
Cell sky130_fd_sc_hs__a222o_2 (0) disconnected node: C1
Cell sky130_fd_sc_hs__a222o_2 (0) disconnected node: C2
Cell sky130_fd_sc_hs__a222o_2 (0) disconnected node: VGND
Cell sky130_fd_sc_hs__a222o_2 (0) disconnected node: VNB
Cell sky130_fd_sc_hs__a222o_2 (0) disconnected node: VPB
Cell sky130_fd_sc_hs__a222o_2 (0) disconnected node: VPWR
Cell sky130_fd_sc_hs__a222o_2 (0) disconnected node: X

Subcircuit pins:
Circuit 1: sky130_fd_sc_hs__a222o_2        |Circuit 2: sky130_fd_sc_hs__a222o_2        
-------------------------------------------|-------------------------------------------
A1                                         |A1                                         
A2                                         |A2                                         
B1                                         |B1                                         
B2                                         |B2                                         
C1                                         |C1                                         
C2                                         |C2                                         
VGND                                       |VGND                                       
VNB                                        |VNB                                        
VPB                                        |VPB                                        
VPWR                                       |VPWR                                       
X                                          |X                                          
---------------------------------------------------------------------------------------
Cell pin lists are equivalent.
Device classes sky130_fd_sc_hs__a222o_2 and sky130_fd_sc_hs__a222o_2 are equivalent.

Cell sky130_fd_sc_hs__nand3_1 (0) disconnected node: A
Cell sky130_fd_sc_hs__nand3_1 (0) disconnected node: B
Cell sky130_fd_sc_hs__nand3_1 (0) disconnected node: C
Cell sky130_fd_sc_hs__nand3_1 (0) disconnected node: VGND
Cell sky130_fd_sc_hs__nand3_1 (0) disconnected node: VNB
Cell sky130_fd_sc_hs__nand3_1 (0) disconnected node: VPB
Cell sky130_fd_sc_hs__nand3_1 (0) disconnected node: VPWR
Cell sky130_fd_sc_hs__nand3_1 (0) disconnected node: Y

Subcircuit pins:
Circuit 1: sky130_fd_sc_hs__nand3_1        |Circuit 2: sky130_fd_sc_hs__nand3_1        
-------------------------------------------|-------------------------------------------
A                                          |A                                          
B                                          |B                                          
C                                          |C                                          
VGND                                       |VGND                                       
VNB                                        |VNB                                        
VPB                                        |VPB                                        
VPWR                                       |VPWR                                       
Y                                          |Y                                          
---------------------------------------------------------------------------------------
Cell pin lists are equivalent.
Device classes sky130_fd_sc_hs__nand3_1 and sky130_fd_sc_hs__nand3_1 are equivalent.

Cell sky130_fd_sc_hs__buf_4 (0) disconnected node: A
Cell sky130_fd_sc_hs__buf_4 (0) disconnected node: VGND
Cell sky130_fd_sc_hs__buf_4 (0) disconnected node: VNB
Cell sky130_fd_sc_hs__buf_4 (0) disconnected node: VPB
Cell sky130_fd_sc_hs__buf_4 (0) disconnected node: VPWR
Cell sky130_fd_sc_hs__buf_4 (0) disconnected node: X

Subcircuit pins:
Circuit 1: sky130_fd_sc_hs__buf_4          |Circuit 2: sky130_fd_sc_hs__buf_4          
-------------------------------------------|-------------------------------------------
A                                          |A                                          
VGND                                       |VGND                                       
VNB                                        |VNB                                        
VPB                                        |VPB                                        
VPWR                                       |VPWR                                       
X                                          |X                                          
---------------------------------------------------------------------------------------
Cell pin lists are equivalent.
Device classes sky130_fd_sc_hs__buf_4 and sky130_fd_sc_hs__buf_4 are equivalent.

Cell sky130_fd_sc_hs__a22o_1 (0) disconnected node: A1
Cell sky130_fd_sc_hs__a22o_1 (0) disconnected node: A2
Cell sky130_fd_sc_hs__a22o_1 (0) disconnected node: B1
Cell sky130_fd_sc_hs__a22o_1 (0) disconnected node: B2
Cell sky130_fd_sc_hs__a22o_1 (0) disconnected node: VGND
Cell sky130_fd_sc_hs__a22o_1 (0) disconnected node: VNB
Cell sky130_fd_sc_hs__a22o_1 (0) disconnected node: VPB
Cell sky130_fd_sc_hs__a22o_1 (0) disconnected node: VPWR
Cell sky130_fd_sc_hs__a22o_1 (0) disconnected node: X

Subcircuit pins:
Circuit 1: sky130_fd_sc_hs__a22o_1         |Circuit 2: sky130_fd_sc_hs__a22o_1         
-------------------------------------------|-------------------------------------------
A1                                         |A1                                         
A2                                         |A2                                         
B1                                         |B1                                         
B2                                         |B2                                         
VGND                                       |VGND                                       
VNB                                        |VNB                                        
VPB                                        |VPB                                        
VPWR                                       |VPWR                                       
X                                          |X                                          
---------------------------------------------------------------------------------------
Cell pin lists are equivalent.
Device classes sky130_fd_sc_hs__a22o_1 and sky130_fd_sc_hs__a22o_1 are equivalent.

Cell sky130_fd_sc_hs__a22oi_2 (0) disconnected node: A1
Cell sky130_fd_sc_hs__a22oi_2 (0) disconnected node: A2
Cell sky130_fd_sc_hs__a22oi_2 (0) disconnected node: B1
Cell sky130_fd_sc_hs__a22oi_2 (0) disconnected node: B2
Cell sky130_fd_sc_hs__a22oi_2 (0) disconnected node: VGND
Cell sky130_fd_sc_hs__a22oi_2 (0) disconnected node: VNB
Cell sky130_fd_sc_hs__a22oi_2 (0) disconnected node: VPB
Cell sky130_fd_sc_hs__a22oi_2 (0) disconnected node: VPWR
Cell sky130_fd_sc_hs__a22oi_2 (0) disconnected node: Y

Subcircuit pins:
Circuit 1: sky130_fd_sc_hs__a22oi_2        |Circuit 2: sky130_fd_sc_hs__a22oi_2        
-------------------------------------------|-------------------------------------------
A1                                         |A1                                         
A2                                         |A2                                         
B1                                         |B1                                         
B2                                         |B2                                         
VGND                                       |VGND                                       
VNB                                        |VNB                                        
VPB                                        |VPB                                        
VPWR                                       |VPWR                                       
Y                                          |Y                                          
---------------------------------------------------------------------------------------
Cell pin lists are equivalent.
Device classes sky130_fd_sc_hs__a22oi_2 and sky130_fd_sc_hs__a22oi_2 are equivalent.

Cell sky130_fd_sc_hs__a222o_1 (0) disconnected node: A1
Cell sky130_fd_sc_hs__a222o_1 (0) disconnected node: A2
Cell sky130_fd_sc_hs__a222o_1 (0) disconnected node: B1
Cell sky130_fd_sc_hs__a222o_1 (0) disconnected node: B2
Cell sky130_fd_sc_hs__a222o_1 (0) disconnected node: C1
Cell sky130_fd_sc_hs__a222o_1 (0) disconnected node: C2
Cell sky130_fd_sc_hs__a222o_1 (0) disconnected node: VGND
Cell sky130_fd_sc_hs__a222o_1 (0) disconnected node: VNB
Cell sky130_fd_sc_hs__a222o_1 (0) disconnected node: VPB
Cell sky130_fd_sc_hs__a222o_1 (0) disconnected node: VPWR
Cell sky130_fd_sc_hs__a222o_1 (0) disconnected node: X

Subcircuit pins:
Circuit 1: sky130_fd_sc_hs__a222o_1        |Circuit 2: sky130_fd_sc_hs__a222o_1        
-------------------------------------------|-------------------------------------------
A1                                         |A1                                         
A2                                         |A2                                         
B1                                         |B1                                         
B2                                         |B2                                         
C1                                         |C1                                         
C2                                         |C2                                         
VGND                                       |VGND                                       
VNB                                        |VNB                                        
VPB                                        |VPB                                        
VPWR                                       |VPWR                                       
X                                          |X                                          
---------------------------------------------------------------------------------------
Cell pin lists are equivalent.
Device classes sky130_fd_sc_hs__a222o_1 and sky130_fd_sc_hs__a222o_1 are equivalent.

Cell sky130_fd_sc_hs__o221a_1 (0) disconnected node: A1
Cell sky130_fd_sc_hs__o221a_1 (0) disconnected node: A2
Cell sky130_fd_sc_hs__o221a_1 (0) disconnected node: B1
Cell sky130_fd_sc_hs__o221a_1 (0) disconnected node: B2
Cell sky130_fd_sc_hs__o221a_1 (0) disconnected node: C1
Cell sky130_fd_sc_hs__o221a_1 (0) disconnected node: VGND
Cell sky130_fd_sc_hs__o221a_1 (0) disconnected node: VNB
Cell sky130_fd_sc_hs__o221a_1 (0) disconnected node: VPB
Cell sky130_fd_sc_hs__o221a_1 (0) disconnected node: VPWR
Cell sky130_fd_sc_hs__o221a_1 (0) disconnected node: X

Subcircuit pins:
Circuit 1: sky130_fd_sc_hs__o221a_1        |Circuit 2: sky130_fd_sc_hs__o221a_1        
-------------------------------------------|-------------------------------------------
A1                                         |A1                                         
A2                                         |A2                                         
B1                                         |B1                                         
B2                                         |B2                                         
C1                                         |C1                                         
VGND                                       |VGND                                       
VNB                                        |VNB                                        
VPB                                        |VPB                                        
VPWR                                       |VPWR                                       
X                                          |X                                          
---------------------------------------------------------------------------------------
Cell pin lists are equivalent.
Device classes sky130_fd_sc_hs__o221a_1 and sky130_fd_sc_hs__o221a_1 are equivalent.

Cell sky130_fd_sc_hs__a221o_1 (0) disconnected node: A1
Cell sky130_fd_sc_hs__a221o_1 (0) disconnected node: A2
Cell sky130_fd_sc_hs__a221o_1 (0) disconnected node: B1
Cell sky130_fd_sc_hs__a221o_1 (0) disconnected node: B2
Cell sky130_fd_sc_hs__a221o_1 (0) disconnected node: C1
Cell sky130_fd_sc_hs__a221o_1 (0) disconnected node: VGND
Cell sky130_fd_sc_hs__a221o_1 (0) disconnected node: VNB
Cell sky130_fd_sc_hs__a221o_1 (0) disconnected node: VPB
Cell sky130_fd_sc_hs__a221o_1 (0) disconnected node: VPWR
Cell sky130_fd_sc_hs__a221o_1 (0) disconnected node: X

Subcircuit pins:
Circuit 1: sky130_fd_sc_hs__a221o_1        |Circuit 2: sky130_fd_sc_hs__a221o_1        
-------------------------------------------|-------------------------------------------
A1                                         |A1                                         
A2                                         |A2                                         
B1                                         |B1                                         
B2                                         |B2                                         
C1                                         |C1                                         
VGND                                       |VGND                                       
VNB                                        |VNB                                        
VPB                                        |VPB                                        
VPWR                                       |VPWR                                       
X                                          |X                                          
---------------------------------------------------------------------------------------
Cell pin lists are equivalent.
Device classes sky130_fd_sc_hs__a221o_1 and sky130_fd_sc_hs__a221o_1 are equivalent.

Cell sky130_fd_sc_hs__mux2_1 (0) disconnected node: A0
Cell sky130_fd_sc_hs__mux2_1 (0) disconnected node: A1
Cell sky130_fd_sc_hs__mux2_1 (0) disconnected node: S
Cell sky130_fd_sc_hs__mux2_1 (0) disconnected node: VGND
Cell sky130_fd_sc_hs__mux2_1 (0) disconnected node: VNB
Cell sky130_fd_sc_hs__mux2_1 (0) disconnected node: VPB
Cell sky130_fd_sc_hs__mux2_1 (0) disconnected node: VPWR
Cell sky130_fd_sc_hs__mux2_1 (0) disconnected node: X

Subcircuit pins:
Circuit 1: sky130_fd_sc_hs__mux2_1         |Circuit 2: sky130_fd_sc_hs__mux2_1         
-------------------------------------------|-------------------------------------------
A0                                         |A0                                         
A1                                         |A1                                         
S                                          |S                                          
VGND                                       |VGND                                       
VNB                                        |VNB                                        
VPB                                        |VPB                                        
VPWR                                       |VPWR                                       
X                                          |X                                          
---------------------------------------------------------------------------------------
Cell pin lists are equivalent.
Device classes sky130_fd_sc_hs__mux2_1 and sky130_fd_sc_hs__mux2_1 are equivalent.

Cell sky130_fd_sc_hs__a31o_1 (0) disconnected node: A1
Cell sky130_fd_sc_hs__a31o_1 (0) disconnected node: A2
Cell sky130_fd_sc_hs__a31o_1 (0) disconnected node: A3
Cell sky130_fd_sc_hs__a31o_1 (0) disconnected node: B1
Cell sky130_fd_sc_hs__a31o_1 (0) disconnected node: VGND
Cell sky130_fd_sc_hs__a31o_1 (0) disconnected node: VNB
Cell sky130_fd_sc_hs__a31o_1 (0) disconnected node: VPB
Cell sky130_fd_sc_hs__a31o_1 (0) disconnected node: VPWR
Cell sky130_fd_sc_hs__a31o_1 (0) disconnected node: X

Subcircuit pins:
Circuit 1: sky130_fd_sc_hs__a31o_1         |Circuit 2: sky130_fd_sc_hs__a31o_1         
-------------------------------------------|-------------------------------------------
A1                                         |A1                                         
A2                                         |A2                                         
A3                                         |A3                                         
B1                                         |B1                                         
VGND                                       |VGND                                       
VNB                                        |VNB                                        
VPB                                        |VPB                                        
VPWR                                       |VPWR                                       
X                                          |X                                          
---------------------------------------------------------------------------------------
Cell pin lists are equivalent.
Device classes sky130_fd_sc_hs__a31o_1 and sky130_fd_sc_hs__a31o_1 are equivalent.

Cell sky130_fd_sc_hs__o21ai_1 (0) disconnected node: A1
Cell sky130_fd_sc_hs__o21ai_1 (0) disconnected node: A2
Cell sky130_fd_sc_hs__o21ai_1 (0) disconnected node: B1
Cell sky130_fd_sc_hs__o21ai_1 (0) disconnected node: VGND
Cell sky130_fd_sc_hs__o21ai_1 (0) disconnected node: VNB
Cell sky130_fd_sc_hs__o21ai_1 (0) disconnected node: VPB
Cell sky130_fd_sc_hs__o21ai_1 (0) disconnected node: VPWR
Cell sky130_fd_sc_hs__o21ai_1 (0) disconnected node: Y

Subcircuit pins:
Circuit 1: sky130_fd_sc_hs__o21ai_1        |Circuit 2: sky130_fd_sc_hs__o21ai_1        
-------------------------------------------|-------------------------------------------
A1                                         |A1                                         
A2                                         |A2                                         
B1                                         |B1                                         
VGND                                       |VGND                                       
VNB                                        |VNB                                        
VPB                                        |VPB                                        
VPWR                                       |VPWR                                       
Y                                          |Y                                          
---------------------------------------------------------------------------------------
Cell pin lists are equivalent.
Device classes sky130_fd_sc_hs__o21ai_1 and sky130_fd_sc_hs__o21ai_1 are equivalent.

Cell sky130_fd_sc_hs__o211a_1 (0) disconnected node: A1
Cell sky130_fd_sc_hs__o211a_1 (0) disconnected node: A2
Cell sky130_fd_sc_hs__o211a_1 (0) disconnected node: B1
Cell sky130_fd_sc_hs__o211a_1 (0) disconnected node: C1
Cell sky130_fd_sc_hs__o211a_1 (0) disconnected node: VGND
Cell sky130_fd_sc_hs__o211a_1 (0) disconnected node: VNB
Cell sky130_fd_sc_hs__o211a_1 (0) disconnected node: VPB
Cell sky130_fd_sc_hs__o211a_1 (0) disconnected node: VPWR
Cell sky130_fd_sc_hs__o211a_1 (0) disconnected node: X

Subcircuit pins:
Circuit 1: sky130_fd_sc_hs__o211a_1        |Circuit 2: sky130_fd_sc_hs__o211a_1        
-------------------------------------------|-------------------------------------------
A1                                         |A1                                         
A2                                         |A2                                         
B1                                         |B1                                         
C1                                         |C1                                         
VGND                                       |VGND                                       
VNB                                        |VNB                                        
VPB                                        |VPB                                        
VPWR                                       |VPWR                                       
X                                          |X                                          
---------------------------------------------------------------------------------------
Cell pin lists are equivalent.
Device classes sky130_fd_sc_hs__o211a_1 and sky130_fd_sc_hs__o211a_1 are equivalent.

Cell sky130_fd_sc_hs__o31ai_1 (0) disconnected node: A1
Cell sky130_fd_sc_hs__o31ai_1 (0) disconnected node: A2
Cell sky130_fd_sc_hs__o31ai_1 (0) disconnected node: A3
Cell sky130_fd_sc_hs__o31ai_1 (0) disconnected node: B1
Cell sky130_fd_sc_hs__o31ai_1 (0) disconnected node: VGND
Cell sky130_fd_sc_hs__o31ai_1 (0) disconnected node: VNB
Cell sky130_fd_sc_hs__o31ai_1 (0) disconnected node: VPB
Cell sky130_fd_sc_hs__o31ai_1 (0) disconnected node: VPWR
Cell sky130_fd_sc_hs__o31ai_1 (0) disconnected node: Y

Subcircuit pins:
Circuit 1: sky130_fd_sc_hs__o31ai_1        |Circuit 2: sky130_fd_sc_hs__o31ai_1        
-------------------------------------------|-------------------------------------------
A1                                         |A1                                         
A2                                         |A2                                         
A3                                         |A3                                         
B1                                         |B1                                         
VGND                                       |VGND                                       
VNB                                        |VNB                                        
VPB                                        |VPB                                        
VPWR                                       |VPWR                                       
Y                                          |Y                                          
---------------------------------------------------------------------------------------
Cell pin lists are equivalent.
Device classes sky130_fd_sc_hs__o31ai_1 and sky130_fd_sc_hs__o31ai_1 are equivalent.

Cell sky130_fd_sc_hs__and2_1 (0) disconnected node: A
Cell sky130_fd_sc_hs__and2_1 (0) disconnected node: B
Cell sky130_fd_sc_hs__and2_1 (0) disconnected node: VGND
Cell sky130_fd_sc_hs__and2_1 (0) disconnected node: VNB
Cell sky130_fd_sc_hs__and2_1 (0) disconnected node: VPB
Cell sky130_fd_sc_hs__and2_1 (0) disconnected node: VPWR
Cell sky130_fd_sc_hs__and2_1 (0) disconnected node: X

Subcircuit pins:
Circuit 1: sky130_fd_sc_hs__and2_1         |Circuit 2: sky130_fd_sc_hs__and2_1         
-------------------------------------------|-------------------------------------------
A                                          |A                                          
B                                          |B                                          
VGND                                       |VGND                                       
VNB                                        |VNB                                        
VPB                                        |VPB                                        
VPWR                                       |VPWR                                       
X                                          |X                                          
---------------------------------------------------------------------------------------
Cell pin lists are equivalent.
Device classes sky130_fd_sc_hs__and2_1 and sky130_fd_sc_hs__and2_1 are equivalent.

Cell sky130_fd_sc_hs__a211o_1 (0) disconnected node: A1
Cell sky130_fd_sc_hs__a211o_1 (0) disconnected node: A2
Cell sky130_fd_sc_hs__a211o_1 (0) disconnected node: B1
Cell sky130_fd_sc_hs__a211o_1 (0) disconnected node: C1
Cell sky130_fd_sc_hs__a211o_1 (0) disconnected node: VGND
Cell sky130_fd_sc_hs__a211o_1 (0) disconnected node: VNB
Cell sky130_fd_sc_hs__a211o_1 (0) disconnected node: VPB
Cell sky130_fd_sc_hs__a211o_1 (0) disconnected node: VPWR
Cell sky130_fd_sc_hs__a211o_1 (0) disconnected node: X

Subcircuit pins:
Circuit 1: sky130_fd_sc_hs__a211o_1        |Circuit 2: sky130_fd_sc_hs__a211o_1        
-------------------------------------------|-------------------------------------------
A1                                         |A1                                         
A2                                         |A2                                         
B1                                         |B1                                         
C1                                         |C1                                         
VGND                                       |VGND                                       
VNB                                        |VNB                                        
VPB                                        |VPB                                        
VPWR                                       |VPWR                                       
X                                          |X                                          
---------------------------------------------------------------------------------------
Cell pin lists are equivalent.
Device classes sky130_fd_sc_hs__a211o_1 and sky130_fd_sc_hs__a211o_1 are equivalent.

Cell sky130_fd_sc_hs__mux4_1 (0) disconnected node: A0
Cell sky130_fd_sc_hs__mux4_1 (0) disconnected node: A1
Cell sky130_fd_sc_hs__mux4_1 (0) disconnected node: A2
Cell sky130_fd_sc_hs__mux4_1 (0) disconnected node: A3
Cell sky130_fd_sc_hs__mux4_1 (0) disconnected node: S0
Cell sky130_fd_sc_hs__mux4_1 (0) disconnected node: S1
Cell sky130_fd_sc_hs__mux4_1 (0) disconnected node: VGND
Cell sky130_fd_sc_hs__mux4_1 (0) disconnected node: VNB
Cell sky130_fd_sc_hs__mux4_1 (0) disconnected node: VPB
Cell sky130_fd_sc_hs__mux4_1 (0) disconnected node: VPWR
Cell sky130_fd_sc_hs__mux4_1 (0) disconnected node: X

Subcircuit pins:
Circuit 1: sky130_fd_sc_hs__mux4_1         |Circuit 2: sky130_fd_sc_hs__mux4_1         
-------------------------------------------|-------------------------------------------
A0                                         |A0                                         
A1                                         |A1                                         
A2                                         |A2                                         
A3                                         |A3                                         
S0                                         |S0                                         
S1                                         |S1                                         
VGND                                       |VGND                                       
VNB                                        |VNB                                        
VPB                                        |VPB                                        
VPWR                                       |VPWR                                       
X                                          |X                                          
---------------------------------------------------------------------------------------
Cell pin lists are equivalent.
Device classes sky130_fd_sc_hs__mux4_1 and sky130_fd_sc_hs__mux4_1 are equivalent.

Cell sky130_fd_sc_hs__o22a_1 (0) disconnected node: A1
Cell sky130_fd_sc_hs__o22a_1 (0) disconnected node: A2
Cell sky130_fd_sc_hs__o22a_1 (0) disconnected node: B1
Cell sky130_fd_sc_hs__o22a_1 (0) disconnected node: B2
Cell sky130_fd_sc_hs__o22a_1 (0) disconnected node: VGND
Cell sky130_fd_sc_hs__o22a_1 (0) disconnected node: VNB
Cell sky130_fd_sc_hs__o22a_1 (0) disconnected node: VPB
Cell sky130_fd_sc_hs__o22a_1 (0) disconnected node: VPWR
Cell sky130_fd_sc_hs__o22a_1 (0) disconnected node: X

Subcircuit pins:
Circuit 1: sky130_fd_sc_hs__o22a_1         |Circuit 2: sky130_fd_sc_hs__o22a_1         
-------------------------------------------|-------------------------------------------
A1                                         |A1                                         
A2                                         |A2                                         
B1                                         |B1                                         
B2                                         |B2                                         
VGND                                       |VGND                                       
VNB                                        |VNB                                        
VPB                                        |VPB                                        
VPWR                                       |VPWR                                       
X                                          |X                                          
---------------------------------------------------------------------------------------
Cell pin lists are equivalent.
Device classes sky130_fd_sc_hs__o22a_1 and sky130_fd_sc_hs__o22a_1 are equivalent.

Cell sky130_fd_sc_hs__nor2_1 (0) disconnected node: A
Cell sky130_fd_sc_hs__nor2_1 (0) disconnected node: B
Cell sky130_fd_sc_hs__nor2_1 (0) disconnected node: VGND
Cell sky130_fd_sc_hs__nor2_1 (0) disconnected node: VNB
Cell sky130_fd_sc_hs__nor2_1 (0) disconnected node: VPB
Cell sky130_fd_sc_hs__nor2_1 (0) disconnected node: VPWR
Cell sky130_fd_sc_hs__nor2_1 (0) disconnected node: Y

Subcircuit pins:
Circuit 1: sky130_fd_sc_hs__nor2_1         |Circuit 2: sky130_fd_sc_hs__nor2_1         
-------------------------------------------|-------------------------------------------
A                                          |A                                          
B                                          |B                                          
VGND                                       |VGND                                       
VNB                                        |VNB                                        
VPB                                        |VPB                                        
VPWR                                       |VPWR                                       
Y                                          |Y                                          
---------------------------------------------------------------------------------------
Cell pin lists are equivalent.
Device classes sky130_fd_sc_hs__nor2_1 and sky130_fd_sc_hs__nor2_1 are equivalent.

Cell sky130_fd_sc_hs__and4_1 (0) disconnected node: A
Cell sky130_fd_sc_hs__and4_1 (0) disconnected node: B
Cell sky130_fd_sc_hs__and4_1 (0) disconnected node: C
Cell sky130_fd_sc_hs__and4_1 (0) disconnected node: D
Cell sky130_fd_sc_hs__and4_1 (0) disconnected node: VGND
Cell sky130_fd_sc_hs__and4_1 (0) disconnected node: VNB
Cell sky130_fd_sc_hs__and4_1 (0) disconnected node: VPB
Cell sky130_fd_sc_hs__and4_1 (0) disconnected node: VPWR
Cell sky130_fd_sc_hs__and4_1 (0) disconnected node: X

Subcircuit pins:
Circuit 1: sky130_fd_sc_hs__and4_1         |Circuit 2: sky130_fd_sc_hs__and4_1         
-------------------------------------------|-------------------------------------------
A                                          |A                                          
B                                          |B                                          
C                                          |C                                          
D                                          |D                                          
VGND                                       |VGND                                       
VNB                                        |VNB                                        
VPB                                        |VPB                                        
VPWR                                       |VPWR                                       
X                                          |X                                          
---------------------------------------------------------------------------------------
Cell pin lists are equivalent.
Device classes sky130_fd_sc_hs__and4_1 and sky130_fd_sc_hs__and4_1 are equivalent.

Cell sky130_fd_sc_hs__nand3_4 (0) disconnected node: A
Cell sky130_fd_sc_hs__nand3_4 (0) disconnected node: B
Cell sky130_fd_sc_hs__nand3_4 (0) disconnected node: C
Cell sky130_fd_sc_hs__nand3_4 (0) disconnected node: VGND
Cell sky130_fd_sc_hs__nand3_4 (0) disconnected node: VNB
Cell sky130_fd_sc_hs__nand3_4 (0) disconnected node: VPB
Cell sky130_fd_sc_hs__nand3_4 (0) disconnected node: VPWR
Cell sky130_fd_sc_hs__nand3_4 (0) disconnected node: Y

Subcircuit pins:
Circuit 1: sky130_fd_sc_hs__nand3_4        |Circuit 2: sky130_fd_sc_hs__nand3_4        
-------------------------------------------|-------------------------------------------
A                                          |A                                          
B                                          |B                                          
C                                          |C                                          
VGND                                       |VGND                                       
VNB                                        |VNB                                        
VPB                                        |VPB                                        
VPWR                                       |VPWR                                       
Y                                          |Y                                          
---------------------------------------------------------------------------------------
Cell pin lists are equivalent.
Device classes sky130_fd_sc_hs__nand3_4 and sky130_fd_sc_hs__nand3_4 are equivalent.

Cell sky130_fd_sc_hs__nor2_4 (0) disconnected node: A
Cell sky130_fd_sc_hs__nor2_4 (0) disconnected node: B
Cell sky130_fd_sc_hs__nor2_4 (0) disconnected node: VGND
Cell sky130_fd_sc_hs__nor2_4 (0) disconnected node: VNB
Cell sky130_fd_sc_hs__nor2_4 (0) disconnected node: VPB
Cell sky130_fd_sc_hs__nor2_4 (0) disconnected node: VPWR
Cell sky130_fd_sc_hs__nor2_4 (0) disconnected node: Y

Subcircuit pins:
Circuit 1: sky130_fd_sc_hs__nor2_4         |Circuit 2: sky130_fd_sc_hs__nor2_4         
-------------------------------------------|-------------------------------------------
A                                          |A                                          
B                                          |B                                          
VGND                                       |VGND                                       
VNB                                        |VNB                                        
VPB                                        |VPB                                        
VPWR                                       |VPWR                                       
Y                                          |Y                                          
---------------------------------------------------------------------------------------
Cell pin lists are equivalent.
Device classes sky130_fd_sc_hs__nor2_4 and sky130_fd_sc_hs__nor2_4 are equivalent.

Cell sky130_fd_sc_hs__inv_2 (0) disconnected node: A
Cell sky130_fd_sc_hs__inv_2 (0) disconnected node: VGND
Cell sky130_fd_sc_hs__inv_2 (0) disconnected node: VNB
Cell sky130_fd_sc_hs__inv_2 (0) disconnected node: VPB
Cell sky130_fd_sc_hs__inv_2 (0) disconnected node: VPWR
Cell sky130_fd_sc_hs__inv_2 (0) disconnected node: Y

Subcircuit pins:
Circuit 1: sky130_fd_sc_hs__inv_2          |Circuit 2: sky130_fd_sc_hs__inv_2          
-------------------------------------------|-------------------------------------------
A                                          |A                                          
VGND                                       |VGND                                       
VNB                                        |VNB                                        
VPB                                        |VPB                                        
VPWR                                       |VPWR                                       
Y                                          |Y                                          
---------------------------------------------------------------------------------------
Cell pin lists are equivalent.
Device classes sky130_fd_sc_hs__inv_2 and sky130_fd_sc_hs__inv_2 are equivalent.

Cell sky130_fd_sc_hs__clkbuf_2 (0) disconnected node: A
Cell sky130_fd_sc_hs__clkbuf_2 (0) disconnected node: VGND
Cell sky130_fd_sc_hs__clkbuf_2 (0) disconnected node: VNB
Cell sky130_fd_sc_hs__clkbuf_2 (0) disconnected node: VPB
Cell sky130_fd_sc_hs__clkbuf_2 (0) disconnected node: VPWR
Cell sky130_fd_sc_hs__clkbuf_2 (0) disconnected node: X

Subcircuit pins:
Circuit 1: sky130_fd_sc_hs__clkbuf_2       |Circuit 2: sky130_fd_sc_hs__clkbuf_2       
-------------------------------------------|-------------------------------------------
A                                          |A                                          
VGND                                       |VGND                                       
VNB                                        |VNB                                        
VPB                                        |VPB                                        
VPWR                                       |VPWR                                       
X                                          |X                                          
---------------------------------------------------------------------------------------
Cell pin lists are equivalent.
Device classes sky130_fd_sc_hs__clkbuf_2 and sky130_fd_sc_hs__clkbuf_2 are equivalent.

Cell sky130_fd_sc_hs__a41oi_4 (0) disconnected node: A1
Cell sky130_fd_sc_hs__a41oi_4 (0) disconnected node: A2
Cell sky130_fd_sc_hs__a41oi_4 (0) disconnected node: A3
Cell sky130_fd_sc_hs__a41oi_4 (0) disconnected node: A4
Cell sky130_fd_sc_hs__a41oi_4 (0) disconnected node: B1
Cell sky130_fd_sc_hs__a41oi_4 (0) disconnected node: VGND
Cell sky130_fd_sc_hs__a41oi_4 (0) disconnected node: VNB
Cell sky130_fd_sc_hs__a41oi_4 (0) disconnected node: VPB
Cell sky130_fd_sc_hs__a41oi_4 (0) disconnected node: VPWR
Cell sky130_fd_sc_hs__a41oi_4 (0) disconnected node: Y

Subcircuit pins:
Circuit 1: sky130_fd_sc_hs__a41oi_4        |Circuit 2: sky130_fd_sc_hs__a41oi_4        
-------------------------------------------|-------------------------------------------
A1                                         |A1                                         
A2                                         |A2                                         
A3                                         |A3                                         
A4                                         |A4                                         
B1                                         |B1                                         
VGND                                       |VGND                                       
VNB                                        |VNB                                        
VPB                                        |VPB                                        
VPWR                                       |VPWR                                       
Y                                          |Y                                          
---------------------------------------------------------------------------------------
Cell pin lists are equivalent.
Device classes sky130_fd_sc_hs__a41oi_4 and sky130_fd_sc_hs__a41oi_4 are equivalent.

Cell sky130_fd_sc_hs__a22o_2 (0) disconnected node: A1
Cell sky130_fd_sc_hs__a22o_2 (0) disconnected node: A2
Cell sky130_fd_sc_hs__a22o_2 (0) disconnected node: B1
Cell sky130_fd_sc_hs__a22o_2 (0) disconnected node: B2
Cell sky130_fd_sc_hs__a22o_2 (0) disconnected node: VGND
Cell sky130_fd_sc_hs__a22o_2 (0) disconnected node: VNB
Cell sky130_fd_sc_hs__a22o_2 (0) disconnected node: VPB
Cell sky130_fd_sc_hs__a22o_2 (0) disconnected node: VPWR
Cell sky130_fd_sc_hs__a22o_2 (0) disconnected node: X

Subcircuit pins:
Circuit 1: sky130_fd_sc_hs__a22o_2         |Circuit 2: sky130_fd_sc_hs__a22o_2         
-------------------------------------------|-------------------------------------------
A1                                         |A1                                         
A2                                         |A2                                         
B1                                         |B1                                         
B2                                         |B2                                         
VGND                                       |VGND                                       
VNB                                        |VNB                                        
VPB                                        |VPB                                        
VPWR                                       |VPWR                                       
X                                          |X                                          
---------------------------------------------------------------------------------------
Cell pin lists are equivalent.
Device classes sky130_fd_sc_hs__a22o_2 and sky130_fd_sc_hs__a22o_2 are equivalent.

Cell sky130_fd_sc_hs__or2_2 (0) disconnected node: A
Cell sky130_fd_sc_hs__or2_2 (0) disconnected node: B
Cell sky130_fd_sc_hs__or2_2 (0) disconnected node: VGND
Cell sky130_fd_sc_hs__or2_2 (0) disconnected node: VNB
Cell sky130_fd_sc_hs__or2_2 (0) disconnected node: VPB
Cell sky130_fd_sc_hs__or2_2 (0) disconnected node: VPWR
Cell sky130_fd_sc_hs__or2_2 (0) disconnected node: X

Subcircuit pins:
Circuit 1: sky130_fd_sc_hs__or2_2          |Circuit 2: sky130_fd_sc_hs__or2_2          
-------------------------------------------|-------------------------------------------
A                                          |A                                          
B                                          |B                                          
VGND                                       |VGND                                       
VNB                                        |VNB                                        
VPB                                        |VPB                                        
VPWR                                       |VPWR                                       
X                                          |X                                          
---------------------------------------------------------------------------------------
Cell pin lists are equivalent.
Device classes sky130_fd_sc_hs__or2_2 and sky130_fd_sc_hs__or2_2 are equivalent.

Cell sky130_fd_sc_hs__and4bb_4 (0) disconnected node: A_N
Cell sky130_fd_sc_hs__and4bb_4 (0) disconnected node: B_N
Cell sky130_fd_sc_hs__and4bb_4 (0) disconnected node: C
Cell sky130_fd_sc_hs__and4bb_4 (0) disconnected node: D
Cell sky130_fd_sc_hs__and4bb_4 (0) disconnected node: VGND
Cell sky130_fd_sc_hs__and4bb_4 (0) disconnected node: VNB
Cell sky130_fd_sc_hs__and4bb_4 (0) disconnected node: VPB
Cell sky130_fd_sc_hs__and4bb_4 (0) disconnected node: VPWR
Cell sky130_fd_sc_hs__and4bb_4 (0) disconnected node: X

Subcircuit pins:
Circuit 1: sky130_fd_sc_hs__and4bb_4       |Circuit 2: sky130_fd_sc_hs__and4bb_4       
-------------------------------------------|-------------------------------------------
A_N                                        |A_N                                        
B_N                                        |B_N                                        
C                                          |C                                          
D                                          |D                                          
VGND                                       |VGND                                       
VNB                                        |VNB                                        
VPB                                        |VPB                                        
VPWR                                       |VPWR                                       
X                                          |X                                          
---------------------------------------------------------------------------------------
Cell pin lists are equivalent.
Device classes sky130_fd_sc_hs__and4bb_4 and sky130_fd_sc_hs__and4bb_4 are equivalent.

Cell sky130_fd_sc_hs__a211oi_4 (0) disconnected node: A1
Cell sky130_fd_sc_hs__a211oi_4 (0) disconnected node: A2
Cell sky130_fd_sc_hs__a211oi_4 (0) disconnected node: B1
Cell sky130_fd_sc_hs__a211oi_4 (0) disconnected node: C1
Cell sky130_fd_sc_hs__a211oi_4 (0) disconnected node: VGND
Cell sky130_fd_sc_hs__a211oi_4 (0) disconnected node: VNB
Cell sky130_fd_sc_hs__a211oi_4 (0) disconnected node: VPB
Cell sky130_fd_sc_hs__a211oi_4 (0) disconnected node: VPWR
Cell sky130_fd_sc_hs__a211oi_4 (0) disconnected node: Y

Subcircuit pins:
Circuit 1: sky130_fd_sc_hs__a211oi_4       |Circuit 2: sky130_fd_sc_hs__a211oi_4       
-------------------------------------------|-------------------------------------------
A1                                         |A1                                         
A2                                         |A2                                         
B1                                         |B1                                         
C1                                         |C1                                         
VGND                                       |VGND                                       
VNB                                        |VNB                                        
VPB                                        |VPB                                        
VPWR                                       |VPWR                                       
Y                                          |Y                                          
---------------------------------------------------------------------------------------
Cell pin lists are equivalent.
Device classes sky130_fd_sc_hs__a211oi_4 and sky130_fd_sc_hs__a211oi_4 are equivalent.

Cell sky130_fd_sc_hs__a21o_1 (0) disconnected node: A1
Cell sky130_fd_sc_hs__a21o_1 (0) disconnected node: A2
Cell sky130_fd_sc_hs__a21o_1 (0) disconnected node: B1
Cell sky130_fd_sc_hs__a21o_1 (0) disconnected node: VGND
Cell sky130_fd_sc_hs__a21o_1 (0) disconnected node: VNB
Cell sky130_fd_sc_hs__a21o_1 (0) disconnected node: VPB
Cell sky130_fd_sc_hs__a21o_1 (0) disconnected node: VPWR
Cell sky130_fd_sc_hs__a21o_1 (0) disconnected node: X

Subcircuit pins:
Circuit 1: sky130_fd_sc_hs__a21o_1         |Circuit 2: sky130_fd_sc_hs__a21o_1         
-------------------------------------------|-------------------------------------------
A1                                         |A1                                         
A2                                         |A2                                         
B1                                         |B1                                         
VGND                                       |VGND                                       
VNB                                        |VNB                                        
VPB                                        |VPB                                        
VPWR                                       |VPWR                                       
X                                          |X                                          
---------------------------------------------------------------------------------------
Cell pin lists are equivalent.
Device classes sky130_fd_sc_hs__a21o_1 and sky130_fd_sc_hs__a21o_1 are equivalent.

Cell sky130_fd_sc_hs__nand2_1 (0) disconnected node: A
Cell sky130_fd_sc_hs__nand2_1 (0) disconnected node: B
Cell sky130_fd_sc_hs__nand2_1 (0) disconnected node: VGND
Cell sky130_fd_sc_hs__nand2_1 (0) disconnected node: VNB
Cell sky130_fd_sc_hs__nand2_1 (0) disconnected node: VPB
Cell sky130_fd_sc_hs__nand2_1 (0) disconnected node: VPWR
Cell sky130_fd_sc_hs__nand2_1 (0) disconnected node: Y

Subcircuit pins:
Circuit 1: sky130_fd_sc_hs__nand2_1        |Circuit 2: sky130_fd_sc_hs__nand2_1        
-------------------------------------------|-------------------------------------------
A                                          |A                                          
B                                          |B                                          
VGND                                       |VGND                                       
VNB                                        |VNB                                        
VPB                                        |VPB                                        
VPWR                                       |VPWR                                       
Y                                          |Y                                          
---------------------------------------------------------------------------------------
Cell pin lists are equivalent.
Device classes sky130_fd_sc_hs__nand2_1 and sky130_fd_sc_hs__nand2_1 are equivalent.

Cell sky130_fd_sc_hs__and2_4 (0) disconnected node: A
Cell sky130_fd_sc_hs__and2_4 (0) disconnected node: B
Cell sky130_fd_sc_hs__and2_4 (0) disconnected node: VGND
Cell sky130_fd_sc_hs__and2_4 (0) disconnected node: VNB
Cell sky130_fd_sc_hs__and2_4 (0) disconnected node: VPB
Cell sky130_fd_sc_hs__and2_4 (0) disconnected node: VPWR
Cell sky130_fd_sc_hs__and2_4 (0) disconnected node: X

Subcircuit pins:
Circuit 1: sky130_fd_sc_hs__and2_4         |Circuit 2: sky130_fd_sc_hs__and2_4         
-------------------------------------------|-------------------------------------------
A                                          |A                                          
B                                          |B                                          
VGND                                       |VGND                                       
VNB                                        |VNB                                        
VPB                                        |VPB                                        
VPWR                                       |VPWR                                       
X                                          |X                                          
---------------------------------------------------------------------------------------
Cell pin lists are equivalent.
Device classes sky130_fd_sc_hs__and2_4 and sky130_fd_sc_hs__and2_4 are equivalent.

Cell sky130_fd_sc_hs__nor3_1 (0) disconnected node: A
Cell sky130_fd_sc_hs__nor3_1 (0) disconnected node: B
Cell sky130_fd_sc_hs__nor3_1 (0) disconnected node: C
Cell sky130_fd_sc_hs__nor3_1 (0) disconnected node: VGND
Cell sky130_fd_sc_hs__nor3_1 (0) disconnected node: VNB
Cell sky130_fd_sc_hs__nor3_1 (0) disconnected node: VPB
Cell sky130_fd_sc_hs__nor3_1 (0) disconnected node: VPWR
Cell sky130_fd_sc_hs__nor3_1 (0) disconnected node: Y

Subcircuit pins:
Circuit 1: sky130_fd_sc_hs__nor3_1         |Circuit 2: sky130_fd_sc_hs__nor3_1         
-------------------------------------------|-------------------------------------------
A                                          |A                                          
B                                          |B                                          
C                                          |C                                          
VGND                                       |VGND                                       
VNB                                        |VNB                                        
VPB                                        |VPB                                        
VPWR                                       |VPWR                                       
Y                                          |Y                                          
---------------------------------------------------------------------------------------
Cell pin lists are equivalent.
Device classes sky130_fd_sc_hs__nor3_1 and sky130_fd_sc_hs__nor3_1 are equivalent.

Cell sky130_fd_sc_hs__o2bb2a_1 (0) disconnected node: A1_N
Cell sky130_fd_sc_hs__o2bb2a_1 (0) disconnected node: A2_N
Cell sky130_fd_sc_hs__o2bb2a_1 (0) disconnected node: B1
Cell sky130_fd_sc_hs__o2bb2a_1 (0) disconnected node: B2
Cell sky130_fd_sc_hs__o2bb2a_1 (0) disconnected node: VGND
Cell sky130_fd_sc_hs__o2bb2a_1 (0) disconnected node: VNB
Cell sky130_fd_sc_hs__o2bb2a_1 (0) disconnected node: VPB
Cell sky130_fd_sc_hs__o2bb2a_1 (0) disconnected node: VPWR
Cell sky130_fd_sc_hs__o2bb2a_1 (0) disconnected node: X

Subcircuit pins:
Circuit 1: sky130_fd_sc_hs__o2bb2a_1       |Circuit 2: sky130_fd_sc_hs__o2bb2a_1       
-------------------------------------------|-------------------------------------------
A1_N                                       |A1_N                                       
A2_N                                       |A2_N                                       
B1                                         |B1                                         
B2                                         |B2                                         
VGND                                       |VGND                                       
VNB                                        |VNB                                        
VPB                                        |VPB                                        
VPWR                                       |VPWR                                       
X                                          |X                                          
---------------------------------------------------------------------------------------
Cell pin lists are equivalent.
Device classes sky130_fd_sc_hs__o2bb2a_1 and sky130_fd_sc_hs__o2bb2a_1 are equivalent.

Cell sky130_fd_sc_hs__a311o_1 (0) disconnected node: A1
Cell sky130_fd_sc_hs__a311o_1 (0) disconnected node: A2
Cell sky130_fd_sc_hs__a311o_1 (0) disconnected node: A3
Cell sky130_fd_sc_hs__a311o_1 (0) disconnected node: B1
Cell sky130_fd_sc_hs__a311o_1 (0) disconnected node: C1
Cell sky130_fd_sc_hs__a311o_1 (0) disconnected node: VGND
Cell sky130_fd_sc_hs__a311o_1 (0) disconnected node: VNB
Cell sky130_fd_sc_hs__a311o_1 (0) disconnected node: VPB
Cell sky130_fd_sc_hs__a311o_1 (0) disconnected node: VPWR
Cell sky130_fd_sc_hs__a311o_1 (0) disconnected node: X

Subcircuit pins:
Circuit 1: sky130_fd_sc_hs__a311o_1        |Circuit 2: sky130_fd_sc_hs__a311o_1        
-------------------------------------------|-------------------------------------------
A1                                         |A1                                         
A2                                         |A2                                         
A3                                         |A3                                         
B1                                         |B1                                         
C1                                         |C1                                         
VGND                                       |VGND                                       
VNB                                        |VNB                                        
VPB                                        |VPB                                        
VPWR                                       |VPWR                                       
X                                          |X                                          
---------------------------------------------------------------------------------------
Cell pin lists are equivalent.
Device classes sky130_fd_sc_hs__a311o_1 and sky130_fd_sc_hs__a311o_1 are equivalent.

Cell sky130_fd_sc_hs__and4_4 (0) disconnected node: A
Cell sky130_fd_sc_hs__and4_4 (0) disconnected node: B
Cell sky130_fd_sc_hs__and4_4 (0) disconnected node: C
Cell sky130_fd_sc_hs__and4_4 (0) disconnected node: D
Cell sky130_fd_sc_hs__and4_4 (0) disconnected node: VGND
Cell sky130_fd_sc_hs__and4_4 (0) disconnected node: VNB
Cell sky130_fd_sc_hs__and4_4 (0) disconnected node: VPB
Cell sky130_fd_sc_hs__and4_4 (0) disconnected node: VPWR
Cell sky130_fd_sc_hs__and4_4 (0) disconnected node: X

Subcircuit pins:
Circuit 1: sky130_fd_sc_hs__and4_4         |Circuit 2: sky130_fd_sc_hs__and4_4         
-------------------------------------------|-------------------------------------------
A                                          |A                                          
B                                          |B                                          
C                                          |C                                          
D                                          |D                                          
VGND                                       |VGND                                       
VNB                                        |VNB                                        
VPB                                        |VPB                                        
VPWR                                       |VPWR                                       
X                                          |X                                          
---------------------------------------------------------------------------------------
Cell pin lists are equivalent.
Device classes sky130_fd_sc_hs__and4_4 and sky130_fd_sc_hs__and4_4 are equivalent.

Cell sky130_fd_sc_hs__o2111a_2 (0) disconnected node: A1
Cell sky130_fd_sc_hs__o2111a_2 (0) disconnected node: A2
Cell sky130_fd_sc_hs__o2111a_2 (0) disconnected node: B1
Cell sky130_fd_sc_hs__o2111a_2 (0) disconnected node: C1
Cell sky130_fd_sc_hs__o2111a_2 (0) disconnected node: D1
Cell sky130_fd_sc_hs__o2111a_2 (0) disconnected node: VGND
Cell sky130_fd_sc_hs__o2111a_2 (0) disconnected node: VNB
Cell sky130_fd_sc_hs__o2111a_2 (0) disconnected node: VPB
Cell sky130_fd_sc_hs__o2111a_2 (0) disconnected node: VPWR
Cell sky130_fd_sc_hs__o2111a_2 (0) disconnected node: X

Subcircuit pins:
Circuit 1: sky130_fd_sc_hs__o2111a_2       |Circuit 2: sky130_fd_sc_hs__o2111a_2       
-------------------------------------------|-------------------------------------------
A1                                         |A1                                         
A2                                         |A2                                         
B1                                         |B1                                         
C1                                         |C1                                         
D1                                         |D1                                         
VGND                                       |VGND                                       
VNB                                        |VNB                                        
VPB                                        |VPB                                        
VPWR                                       |VPWR                                       
X                                          |X                                          
---------------------------------------------------------------------------------------
Cell pin lists are equivalent.
Device classes sky130_fd_sc_hs__o2111a_2 and sky130_fd_sc_hs__o2111a_2 are equivalent.

Cell sky130_fd_sc_hs__a41o_1 (0) disconnected node: A1
Cell sky130_fd_sc_hs__a41o_1 (0) disconnected node: A2
Cell sky130_fd_sc_hs__a41o_1 (0) disconnected node: A3
Cell sky130_fd_sc_hs__a41o_1 (0) disconnected node: A4
Cell sky130_fd_sc_hs__a41o_1 (0) disconnected node: B1
Cell sky130_fd_sc_hs__a41o_1 (0) disconnected node: VGND
Cell sky130_fd_sc_hs__a41o_1 (0) disconnected node: VNB
Cell sky130_fd_sc_hs__a41o_1 (0) disconnected node: VPB
Cell sky130_fd_sc_hs__a41o_1 (0) disconnected node: VPWR
Cell sky130_fd_sc_hs__a41o_1 (0) disconnected node: X

Subcircuit pins:
Circuit 1: sky130_fd_sc_hs__a41o_1         |Circuit 2: sky130_fd_sc_hs__a41o_1         
-------------------------------------------|-------------------------------------------
A1                                         |A1                                         
A2                                         |A2                                         
A3                                         |A3                                         
A4                                         |A4                                         
B1                                         |B1                                         
VGND                                       |VGND                                       
VNB                                        |VNB                                        
VPB                                        |VPB                                        
VPWR                                       |VPWR                                       
X                                          |X                                          
---------------------------------------------------------------------------------------
Cell pin lists are equivalent.
Device classes sky130_fd_sc_hs__a41o_1 and sky130_fd_sc_hs__a41o_1 are equivalent.

Cell sky130_fd_sc_hs__o21ai_4 (0) disconnected node: A1
Cell sky130_fd_sc_hs__o21ai_4 (0) disconnected node: A2
Cell sky130_fd_sc_hs__o21ai_4 (0) disconnected node: B1
Cell sky130_fd_sc_hs__o21ai_4 (0) disconnected node: VGND
Cell sky130_fd_sc_hs__o21ai_4 (0) disconnected node: VNB
Cell sky130_fd_sc_hs__o21ai_4 (0) disconnected node: VPB
Cell sky130_fd_sc_hs__o21ai_4 (0) disconnected node: VPWR
Cell sky130_fd_sc_hs__o21ai_4 (0) disconnected node: Y

Subcircuit pins:
Circuit 1: sky130_fd_sc_hs__o21ai_4        |Circuit 2: sky130_fd_sc_hs__o21ai_4        
-------------------------------------------|-------------------------------------------
A1                                         |A1                                         
A2                                         |A2                                         
B1                                         |B1                                         
VGND                                       |VGND                                       
VNB                                        |VNB                                        
VPB                                        |VPB                                        
VPWR                                       |VPWR                                       
Y                                          |Y                                          
---------------------------------------------------------------------------------------
Cell pin lists are equivalent.
Device classes sky130_fd_sc_hs__o21ai_4 and sky130_fd_sc_hs__o21ai_4 are equivalent.

Cell sky130_fd_sc_hs__o22ai_1 (0) disconnected node: A1
Cell sky130_fd_sc_hs__o22ai_1 (0) disconnected node: A2
Cell sky130_fd_sc_hs__o22ai_1 (0) disconnected node: B1
Cell sky130_fd_sc_hs__o22ai_1 (0) disconnected node: B2
Cell sky130_fd_sc_hs__o22ai_1 (0) disconnected node: VGND
Cell sky130_fd_sc_hs__o22ai_1 (0) disconnected node: VNB
Cell sky130_fd_sc_hs__o22ai_1 (0) disconnected node: VPB
Cell sky130_fd_sc_hs__o22ai_1 (0) disconnected node: VPWR
Cell sky130_fd_sc_hs__o22ai_1 (0) disconnected node: Y

Subcircuit pins:
Circuit 1: sky130_fd_sc_hs__o22ai_1        |Circuit 2: sky130_fd_sc_hs__o22ai_1        
-------------------------------------------|-------------------------------------------
A1                                         |A1                                         
A2                                         |A2                                         
B1                                         |B1                                         
B2                                         |B2                                         
VGND                                       |VGND                                       
VNB                                        |VNB                                        
VPB                                        |VPB                                        
VPWR                                       |VPWR                                       
Y                                          |Y                                          
---------------------------------------------------------------------------------------
Cell pin lists are equivalent.
Device classes sky130_fd_sc_hs__o22ai_1 and sky130_fd_sc_hs__o22ai_1 are equivalent.

Cell sky130_fd_sc_hs__a32o_1 (0) disconnected node: A1
Cell sky130_fd_sc_hs__a32o_1 (0) disconnected node: A2
Cell sky130_fd_sc_hs__a32o_1 (0) disconnected node: A3
Cell sky130_fd_sc_hs__a32o_1 (0) disconnected node: B1
Cell sky130_fd_sc_hs__a32o_1 (0) disconnected node: B2
Cell sky130_fd_sc_hs__a32o_1 (0) disconnected node: VGND
Cell sky130_fd_sc_hs__a32o_1 (0) disconnected node: VNB
Cell sky130_fd_sc_hs__a32o_1 (0) disconnected node: VPB
Cell sky130_fd_sc_hs__a32o_1 (0) disconnected node: VPWR
Cell sky130_fd_sc_hs__a32o_1 (0) disconnected node: X

Subcircuit pins:
Circuit 1: sky130_fd_sc_hs__a32o_1         |Circuit 2: sky130_fd_sc_hs__a32o_1         
-------------------------------------------|-------------------------------------------
A1                                         |A1                                         
A2                                         |A2                                         
A3                                         |A3                                         
B1                                         |B1                                         
B2                                         |B2                                         
VGND                                       |VGND                                       
VNB                                        |VNB                                        
VPB                                        |VPB                                        
VPWR                                       |VPWR                                       
X                                          |X                                          
---------------------------------------------------------------------------------------
Cell pin lists are equivalent.
Device classes sky130_fd_sc_hs__a32o_1 and sky130_fd_sc_hs__a32o_1 are equivalent.

Cell sky130_fd_sc_hs__dfxtp_2 (0) disconnected node: CLK
Cell sky130_fd_sc_hs__dfxtp_2 (0) disconnected node: D
Cell sky130_fd_sc_hs__dfxtp_2 (0) disconnected node: VGND
Cell sky130_fd_sc_hs__dfxtp_2 (0) disconnected node: VNB
Cell sky130_fd_sc_hs__dfxtp_2 (0) disconnected node: VPB
Cell sky130_fd_sc_hs__dfxtp_2 (0) disconnected node: VPWR
Cell sky130_fd_sc_hs__dfxtp_2 (0) disconnected node: Q

Subcircuit pins:
Circuit 1: sky130_fd_sc_hs__dfxtp_2        |Circuit 2: sky130_fd_sc_hs__dfxtp_2        
-------------------------------------------|-------------------------------------------
CLK                                        |CLK                                        
D                                          |D                                          
VGND                                       |VGND                                       
VNB                                        |VNB                                        
VPB                                        |VPB                                        
VPWR                                       |VPWR                                       
Q                                          |Q                                          
---------------------------------------------------------------------------------------
Cell pin lists are equivalent.
Device classes sky130_fd_sc_hs__dfxtp_2 and sky130_fd_sc_hs__dfxtp_2 are equivalent.

Cell sky130_fd_sc_hs__a2111o_1 (0) disconnected node: A1
Cell sky130_fd_sc_hs__a2111o_1 (0) disconnected node: A2
Cell sky130_fd_sc_hs__a2111o_1 (0) disconnected node: B1
Cell sky130_fd_sc_hs__a2111o_1 (0) disconnected node: C1
Cell sky130_fd_sc_hs__a2111o_1 (0) disconnected node: D1
Cell sky130_fd_sc_hs__a2111o_1 (0) disconnected node: VGND
Cell sky130_fd_sc_hs__a2111o_1 (0) disconnected node: VNB
Cell sky130_fd_sc_hs__a2111o_1 (0) disconnected node: VPB
Cell sky130_fd_sc_hs__a2111o_1 (0) disconnected node: VPWR
Cell sky130_fd_sc_hs__a2111o_1 (0) disconnected node: X

Subcircuit pins:
Circuit 1: sky130_fd_sc_hs__a2111o_1       |Circuit 2: sky130_fd_sc_hs__a2111o_1       
-------------------------------------------|-------------------------------------------
A1                                         |A1                                         
A2                                         |A2                                         
B1                                         |B1                                         
C1                                         |C1                                         
D1                                         |D1                                         
VGND                                       |VGND                                       
VNB                                        |VNB                                        
VPB                                        |VPB                                        
VPWR                                       |VPWR                                       
X                                          |X                                          
---------------------------------------------------------------------------------------
Cell pin lists are equivalent.
Device classes sky130_fd_sc_hs__a2111o_1 and sky130_fd_sc_hs__a2111o_1 are equivalent.

Cell sky130_fd_sc_hs__bufinv_16 (0) disconnected node: A
Cell sky130_fd_sc_hs__bufinv_16 (0) disconnected node: VGND
Cell sky130_fd_sc_hs__bufinv_16 (0) disconnected node: VNB
Cell sky130_fd_sc_hs__bufinv_16 (0) disconnected node: VPB
Cell sky130_fd_sc_hs__bufinv_16 (0) disconnected node: VPWR
Cell sky130_fd_sc_hs__bufinv_16 (0) disconnected node: Y

Subcircuit pins:
Circuit 1: sky130_fd_sc_hs__bufinv_16      |Circuit 2: sky130_fd_sc_hs__bufinv_16      
-------------------------------------------|-------------------------------------------
A                                          |A                                          
VGND                                       |VGND                                       
VNB                                        |VNB                                        
VPB                                        |VPB                                        
VPWR                                       |VPWR                                       
Y                                          |Y                                          
---------------------------------------------------------------------------------------
Cell pin lists are equivalent.
Device classes sky130_fd_sc_hs__bufinv_16 and sky130_fd_sc_hs__bufinv_16 are equivalent.

Cell sky130_fd_sc_hs__clkinv_8 (0) disconnected node: A
Cell sky130_fd_sc_hs__clkinv_8 (0) disconnected node: VGND
Cell sky130_fd_sc_hs__clkinv_8 (0) disconnected node: VNB
Cell sky130_fd_sc_hs__clkinv_8 (0) disconnected node: VPB
Cell sky130_fd_sc_hs__clkinv_8 (0) disconnected node: VPWR
Cell sky130_fd_sc_hs__clkinv_8 (0) disconnected node: Y

Subcircuit pins:
Circuit 1: sky130_fd_sc_hs__clkinv_8       |Circuit 2: sky130_fd_sc_hs__clkinv_8       
-------------------------------------------|-------------------------------------------
A                                          |A                                          
VGND                                       |VGND                                       
VNB                                        |VNB                                        
VPB                                        |VPB                                        
VPWR                                       |VPWR                                       
Y                                          |Y                                          
---------------------------------------------------------------------------------------
Cell pin lists are equivalent.
Device classes sky130_fd_sc_hs__clkinv_8 and sky130_fd_sc_hs__clkinv_8 are equivalent.

Cell sky130_fd_sc_hs__inv_16 (0) disconnected node: A
Cell sky130_fd_sc_hs__inv_16 (0) disconnected node: VGND
Cell sky130_fd_sc_hs__inv_16 (0) disconnected node: VNB
Cell sky130_fd_sc_hs__inv_16 (0) disconnected node: VPB
Cell sky130_fd_sc_hs__inv_16 (0) disconnected node: VPWR
Cell sky130_fd_sc_hs__inv_16 (0) disconnected node: Y

Subcircuit pins:
Circuit 1: sky130_fd_sc_hs__inv_16         |Circuit 2: sky130_fd_sc_hs__inv_16         
-------------------------------------------|-------------------------------------------
A                                          |A                                          
VGND                                       |VGND                                       
VNB                                        |VNB                                        
VPB                                        |VPB                                        
VPWR                                       |VPWR                                       
Y                                          |Y                                          
---------------------------------------------------------------------------------------
Cell pin lists are equivalent.
Device classes sky130_fd_sc_hs__inv_16 and sky130_fd_sc_hs__inv_16 are equivalent.

Cell sky130_fd_sc_hs__nor3_4 (0) disconnected node: A
Cell sky130_fd_sc_hs__nor3_4 (0) disconnected node: B
Cell sky130_fd_sc_hs__nor3_4 (0) disconnected node: C
Cell sky130_fd_sc_hs__nor3_4 (0) disconnected node: VGND
Cell sky130_fd_sc_hs__nor3_4 (0) disconnected node: VNB
Cell sky130_fd_sc_hs__nor3_4 (0) disconnected node: VPB
Cell sky130_fd_sc_hs__nor3_4 (0) disconnected node: VPWR
Cell sky130_fd_sc_hs__nor3_4 (0) disconnected node: Y

Subcircuit pins:
Circuit 1: sky130_fd_sc_hs__nor3_4         |Circuit 2: sky130_fd_sc_hs__nor3_4         
-------------------------------------------|-------------------------------------------
A                                          |A                                          
B                                          |B                                          
C                                          |C                                          
VGND                                       |VGND                                       
VNB                                        |VNB                                        
VPB                                        |VPB                                        
VPWR                                       |VPWR                                       
Y                                          |Y                                          
---------------------------------------------------------------------------------------
Cell pin lists are equivalent.
Device classes sky130_fd_sc_hs__nor3_4 and sky130_fd_sc_hs__nor3_4 are equivalent.

Cell sky130_fd_sc_hs__a211o_2 (0) disconnected node: A1
Cell sky130_fd_sc_hs__a211o_2 (0) disconnected node: A2
Cell sky130_fd_sc_hs__a211o_2 (0) disconnected node: B1
Cell sky130_fd_sc_hs__a211o_2 (0) disconnected node: C1
Cell sky130_fd_sc_hs__a211o_2 (0) disconnected node: VGND
Cell sky130_fd_sc_hs__a211o_2 (0) disconnected node: VNB
Cell sky130_fd_sc_hs__a211o_2 (0) disconnected node: VPB
Cell sky130_fd_sc_hs__a211o_2 (0) disconnected node: VPWR
Cell sky130_fd_sc_hs__a211o_2 (0) disconnected node: X

Subcircuit pins:
Circuit 1: sky130_fd_sc_hs__a211o_2        |Circuit 2: sky130_fd_sc_hs__a211o_2        
-------------------------------------------|-------------------------------------------
A1                                         |A1                                         
A2                                         |A2                                         
B1                                         |B1                                         
C1                                         |C1                                         
VGND                                       |VGND                                       
VNB                                        |VNB                                        
VPB                                        |VPB                                        
VPWR                                       |VPWR                                       
X                                          |X                                          
---------------------------------------------------------------------------------------
Cell pin lists are equivalent.
Device classes sky130_fd_sc_hs__a211o_2 and sky130_fd_sc_hs__a211o_2 are equivalent.

Cell sky130_fd_sc_hs__and2b_1 (0) disconnected node: A_N
Cell sky130_fd_sc_hs__and2b_1 (0) disconnected node: B
Cell sky130_fd_sc_hs__and2b_1 (0) disconnected node: VGND
Cell sky130_fd_sc_hs__and2b_1 (0) disconnected node: VNB
Cell sky130_fd_sc_hs__and2b_1 (0) disconnected node: VPB
Cell sky130_fd_sc_hs__and2b_1 (0) disconnected node: VPWR
Cell sky130_fd_sc_hs__and2b_1 (0) disconnected node: X

Subcircuit pins:
Circuit 1: sky130_fd_sc_hs__and2b_1        |Circuit 2: sky130_fd_sc_hs__and2b_1        
-------------------------------------------|-------------------------------------------
A_N                                        |A_N                                        
B                                          |B                                          
VGND                                       |VGND                                       
VNB                                        |VNB                                        
VPB                                        |VPB                                        
VPWR                                       |VPWR                                       
X                                          |X                                          
---------------------------------------------------------------------------------------
Cell pin lists are equivalent.
Device classes sky130_fd_sc_hs__and2b_1 and sky130_fd_sc_hs__and2b_1 are equivalent.

Cell sky130_fd_sc_hs__a21boi_2 (0) disconnected node: A1
Cell sky130_fd_sc_hs__a21boi_2 (0) disconnected node: A2
Cell sky130_fd_sc_hs__a21boi_2 (0) disconnected node: B1_N
Cell sky130_fd_sc_hs__a21boi_2 (0) disconnected node: VGND
Cell sky130_fd_sc_hs__a21boi_2 (0) disconnected node: VNB
Cell sky130_fd_sc_hs__a21boi_2 (0) disconnected node: VPB
Cell sky130_fd_sc_hs__a21boi_2 (0) disconnected node: VPWR
Cell sky130_fd_sc_hs__a21boi_2 (0) disconnected node: Y

Subcircuit pins:
Circuit 1: sky130_fd_sc_hs__a21boi_2       |Circuit 2: sky130_fd_sc_hs__a21boi_2       
-------------------------------------------|-------------------------------------------
A1                                         |A1                                         
A2                                         |A2                                         
B1_N                                       |B1_N                                       
VGND                                       |VGND                                       
VNB                                        |VNB                                        
VPB                                        |VPB                                        
VPWR                                       |VPWR                                       
Y                                          |Y                                          
---------------------------------------------------------------------------------------
Cell pin lists are equivalent.
Device classes sky130_fd_sc_hs__a21boi_2 and sky130_fd_sc_hs__a21boi_2 are equivalent.

Cell sky130_fd_sc_hs__o211a_4 (0) disconnected node: A1
Cell sky130_fd_sc_hs__o211a_4 (0) disconnected node: A2
Cell sky130_fd_sc_hs__o211a_4 (0) disconnected node: B1
Cell sky130_fd_sc_hs__o211a_4 (0) disconnected node: C1
Cell sky130_fd_sc_hs__o211a_4 (0) disconnected node: VGND
Cell sky130_fd_sc_hs__o211a_4 (0) disconnected node: VNB
Cell sky130_fd_sc_hs__o211a_4 (0) disconnected node: VPB
Cell sky130_fd_sc_hs__o211a_4 (0) disconnected node: VPWR
Cell sky130_fd_sc_hs__o211a_4 (0) disconnected node: X

Subcircuit pins:
Circuit 1: sky130_fd_sc_hs__o211a_4        |Circuit 2: sky130_fd_sc_hs__o211a_4        
-------------------------------------------|-------------------------------------------
A1                                         |A1                                         
A2                                         |A2                                         
B1                                         |B1                                         
C1                                         |C1                                         
VGND                                       |VGND                                       
VNB                                        |VNB                                        
VPB                                        |VPB                                        
VPWR                                       |VPWR                                       
X                                          |X                                          
---------------------------------------------------------------------------------------
Cell pin lists are equivalent.
Device classes sky130_fd_sc_hs__o211a_4 and sky130_fd_sc_hs__o211a_4 are equivalent.

Cell sky130_fd_sc_hs__or2_1 (0) disconnected node: A
Cell sky130_fd_sc_hs__or2_1 (0) disconnected node: B
Cell sky130_fd_sc_hs__or2_1 (0) disconnected node: VGND
Cell sky130_fd_sc_hs__or2_1 (0) disconnected node: VNB
Cell sky130_fd_sc_hs__or2_1 (0) disconnected node: VPB
Cell sky130_fd_sc_hs__or2_1 (0) disconnected node: VPWR
Cell sky130_fd_sc_hs__or2_1 (0) disconnected node: X

Subcircuit pins:
Circuit 1: sky130_fd_sc_hs__or2_1          |Circuit 2: sky130_fd_sc_hs__or2_1          
-------------------------------------------|-------------------------------------------
A                                          |A                                          
B                                          |B                                          
VGND                                       |VGND                                       
VNB                                        |VNB                                        
VPB                                        |VPB                                        
VPWR                                       |VPWR                                       
X                                          |X                                          
---------------------------------------------------------------------------------------
Cell pin lists are equivalent.
Device classes sky130_fd_sc_hs__or2_1 and sky130_fd_sc_hs__or2_1 are equivalent.

Cell sky130_fd_sc_hs__inv_8 (0) disconnected node: A
Cell sky130_fd_sc_hs__inv_8 (0) disconnected node: VGND
Cell sky130_fd_sc_hs__inv_8 (0) disconnected node: VNB
Cell sky130_fd_sc_hs__inv_8 (0) disconnected node: VPB
Cell sky130_fd_sc_hs__inv_8 (0) disconnected node: VPWR
Cell sky130_fd_sc_hs__inv_8 (0) disconnected node: Y

Subcircuit pins:
Circuit 1: sky130_fd_sc_hs__inv_8          |Circuit 2: sky130_fd_sc_hs__inv_8          
-------------------------------------------|-------------------------------------------
A                                          |A                                          
VGND                                       |VGND                                       
VNB                                        |VNB                                        
VPB                                        |VPB                                        
VPWR                                       |VPWR                                       
Y                                          |Y                                          
---------------------------------------------------------------------------------------
Cell pin lists are equivalent.
Device classes sky130_fd_sc_hs__inv_8 and sky130_fd_sc_hs__inv_8 are equivalent.

Cell sky130_fd_sc_hs__nand3b_2 (0) disconnected node: A_N
Cell sky130_fd_sc_hs__nand3b_2 (0) disconnected node: B
Cell sky130_fd_sc_hs__nand3b_2 (0) disconnected node: C
Cell sky130_fd_sc_hs__nand3b_2 (0) disconnected node: VGND
Cell sky130_fd_sc_hs__nand3b_2 (0) disconnected node: VNB
Cell sky130_fd_sc_hs__nand3b_2 (0) disconnected node: VPB
Cell sky130_fd_sc_hs__nand3b_2 (0) disconnected node: VPWR
Cell sky130_fd_sc_hs__nand3b_2 (0) disconnected node: Y

Subcircuit pins:
Circuit 1: sky130_fd_sc_hs__nand3b_2       |Circuit 2: sky130_fd_sc_hs__nand3b_2       
-------------------------------------------|-------------------------------------------
A_N                                        |A_N                                        
B                                          |B                                          
C                                          |C                                          
VGND                                       |VGND                                       
VNB                                        |VNB                                        
VPB                                        |VPB                                        
VPWR                                       |VPWR                                       
Y                                          |Y                                          
---------------------------------------------------------------------------------------
Cell pin lists are equivalent.
Device classes sky130_fd_sc_hs__nand3b_2 and sky130_fd_sc_hs__nand3b_2 are equivalent.

Cell sky130_fd_sc_hs__a2bb2oi_4 (0) disconnected node: A1_N
Cell sky130_fd_sc_hs__a2bb2oi_4 (0) disconnected node: A2_N
Cell sky130_fd_sc_hs__a2bb2oi_4 (0) disconnected node: B1
Cell sky130_fd_sc_hs__a2bb2oi_4 (0) disconnected node: B2
Cell sky130_fd_sc_hs__a2bb2oi_4 (0) disconnected node: VGND
Cell sky130_fd_sc_hs__a2bb2oi_4 (0) disconnected node: VNB
Cell sky130_fd_sc_hs__a2bb2oi_4 (0) disconnected node: VPB
Cell sky130_fd_sc_hs__a2bb2oi_4 (0) disconnected node: VPWR
Cell sky130_fd_sc_hs__a2bb2oi_4 (0) disconnected node: Y

Subcircuit pins:
Circuit 1: sky130_fd_sc_hs__a2bb2oi_4      |Circuit 2: sky130_fd_sc_hs__a2bb2oi_4      
-------------------------------------------|-------------------------------------------
A1_N                                       |A1_N                                       
A2_N                                       |A2_N                                       
B1                                         |B1                                         
B2                                         |B2                                         
VGND                                       |VGND                                       
VNB                                        |VNB                                        
VPB                                        |VPB                                        
VPWR                                       |VPWR                                       
Y                                          |Y                                          
---------------------------------------------------------------------------------------
Cell pin lists are equivalent.
Device classes sky130_fd_sc_hs__a2bb2oi_4 and sky130_fd_sc_hs__a2bb2oi_4 are equivalent.

Cell sky130_fd_sc_hs__nand3b_1 (0) disconnected node: A_N
Cell sky130_fd_sc_hs__nand3b_1 (0) disconnected node: B
Cell sky130_fd_sc_hs__nand3b_1 (0) disconnected node: C
Cell sky130_fd_sc_hs__nand3b_1 (0) disconnected node: VGND
Cell sky130_fd_sc_hs__nand3b_1 (0) disconnected node: VNB
Cell sky130_fd_sc_hs__nand3b_1 (0) disconnected node: VPB
Cell sky130_fd_sc_hs__nand3b_1 (0) disconnected node: VPWR
Cell sky130_fd_sc_hs__nand3b_1 (0) disconnected node: Y

Subcircuit pins:
Circuit 1: sky130_fd_sc_hs__nand3b_1       |Circuit 2: sky130_fd_sc_hs__nand3b_1       
-------------------------------------------|-------------------------------------------
A_N                                        |A_N                                        
B                                          |B                                          
C                                          |C                                          
VGND                                       |VGND                                       
VNB                                        |VNB                                        
VPB                                        |VPB                                        
VPWR                                       |VPWR                                       
Y                                          |Y                                          
---------------------------------------------------------------------------------------
Cell pin lists are equivalent.
Device classes sky130_fd_sc_hs__nand3b_1 and sky130_fd_sc_hs__nand3b_1 are equivalent.

Cell sky130_fd_sc_hs__a21bo_1 (0) disconnected node: A1
Cell sky130_fd_sc_hs__a21bo_1 (0) disconnected node: A2
Cell sky130_fd_sc_hs__a21bo_1 (0) disconnected node: B1_N
Cell sky130_fd_sc_hs__a21bo_1 (0) disconnected node: VGND
Cell sky130_fd_sc_hs__a21bo_1 (0) disconnected node: VNB
Cell sky130_fd_sc_hs__a21bo_1 (0) disconnected node: VPB
Cell sky130_fd_sc_hs__a21bo_1 (0) disconnected node: VPWR
Cell sky130_fd_sc_hs__a21bo_1 (0) disconnected node: X

Subcircuit pins:
Circuit 1: sky130_fd_sc_hs__a21bo_1        |Circuit 2: sky130_fd_sc_hs__a21bo_1        
-------------------------------------------|-------------------------------------------
A1                                         |A1                                         
A2                                         |A2                                         
B1_N                                       |B1_N                                       
VGND                                       |VGND                                       
VNB                                        |VNB                                        
VPB                                        |VPB                                        
VPWR                                       |VPWR                                       
X                                          |X                                          
---------------------------------------------------------------------------------------
Cell pin lists are equivalent.
Device classes sky130_fd_sc_hs__a21bo_1 and sky130_fd_sc_hs__a21bo_1 are equivalent.

Cell sky130_fd_sc_hs__a21oi_1 (0) disconnected node: A1
Cell sky130_fd_sc_hs__a21oi_1 (0) disconnected node: A2
Cell sky130_fd_sc_hs__a21oi_1 (0) disconnected node: B1
Cell sky130_fd_sc_hs__a21oi_1 (0) disconnected node: VGND
Cell sky130_fd_sc_hs__a21oi_1 (0) disconnected node: VNB
Cell sky130_fd_sc_hs__a21oi_1 (0) disconnected node: VPB
Cell sky130_fd_sc_hs__a21oi_1 (0) disconnected node: VPWR
Cell sky130_fd_sc_hs__a21oi_1 (0) disconnected node: Y

Subcircuit pins:
Circuit 1: sky130_fd_sc_hs__a21oi_1        |Circuit 2: sky130_fd_sc_hs__a21oi_1        
-------------------------------------------|-------------------------------------------
A1                                         |A1                                         
A2                                         |A2                                         
B1                                         |B1                                         
VGND                                       |VGND                                       
VNB                                        |VNB                                        
VPB                                        |VPB                                        
VPWR                                       |VPWR                                       
Y                                          |Y                                          
---------------------------------------------------------------------------------------
Cell pin lists are equivalent.
Device classes sky130_fd_sc_hs__a21oi_1 and sky130_fd_sc_hs__a21oi_1 are equivalent.

Cell sky130_fd_sc_hs__o2111ai_2 (0) disconnected node: A1
Cell sky130_fd_sc_hs__o2111ai_2 (0) disconnected node: A2
Cell sky130_fd_sc_hs__o2111ai_2 (0) disconnected node: B1
Cell sky130_fd_sc_hs__o2111ai_2 (0) disconnected node: C1
Cell sky130_fd_sc_hs__o2111ai_2 (0) disconnected node: D1
Cell sky130_fd_sc_hs__o2111ai_2 (0) disconnected node: VGND
Cell sky130_fd_sc_hs__o2111ai_2 (0) disconnected node: VNB
Cell sky130_fd_sc_hs__o2111ai_2 (0) disconnected node: VPB
Cell sky130_fd_sc_hs__o2111ai_2 (0) disconnected node: VPWR
Cell sky130_fd_sc_hs__o2111ai_2 (0) disconnected node: Y

Subcircuit pins:
Circuit 1: sky130_fd_sc_hs__o2111ai_2      |Circuit 2: sky130_fd_sc_hs__o2111ai_2      
-------------------------------------------|-------------------------------------------
A1                                         |A1                                         
A2                                         |A2                                         
B1                                         |B1                                         
C1                                         |C1                                         
D1                                         |D1                                         
VGND                                       |VGND                                       
VNB                                        |VNB                                        
VPB                                        |VPB                                        
VPWR                                       |VPWR                                       
Y                                          |Y                                          
---------------------------------------------------------------------------------------
Cell pin lists are equivalent.
Device classes sky130_fd_sc_hs__o2111ai_2 and sky130_fd_sc_hs__o2111ai_2 are equivalent.

Cell sky130_fd_sc_hs__o311ai_4 (0) disconnected node: A1
Cell sky130_fd_sc_hs__o311ai_4 (0) disconnected node: A2
Cell sky130_fd_sc_hs__o311ai_4 (0) disconnected node: A3
Cell sky130_fd_sc_hs__o311ai_4 (0) disconnected node: B1
Cell sky130_fd_sc_hs__o311ai_4 (0) disconnected node: C1
Cell sky130_fd_sc_hs__o311ai_4 (0) disconnected node: VGND
Cell sky130_fd_sc_hs__o311ai_4 (0) disconnected node: VNB
Cell sky130_fd_sc_hs__o311ai_4 (0) disconnected node: VPB
Cell sky130_fd_sc_hs__o311ai_4 (0) disconnected node: VPWR
Cell sky130_fd_sc_hs__o311ai_4 (0) disconnected node: Y

Subcircuit pins:
Circuit 1: sky130_fd_sc_hs__o311ai_4       |Circuit 2: sky130_fd_sc_hs__o311ai_4       
-------------------------------------------|-------------------------------------------
A1                                         |A1                                         
A2                                         |A2                                         
A3                                         |A3                                         
B1                                         |B1                                         
C1                                         |C1                                         
VGND                                       |VGND                                       
VNB                                        |VNB                                        
VPB                                        |VPB                                        
VPWR                                       |VPWR                                       
Y                                          |Y                                          
---------------------------------------------------------------------------------------
Cell pin lists are equivalent.
Device classes sky130_fd_sc_hs__o311ai_4 and sky130_fd_sc_hs__o311ai_4 are equivalent.

Cell sky130_fd_sc_hs__inv_4 (0) disconnected node: A
Cell sky130_fd_sc_hs__inv_4 (0) disconnected node: VGND
Cell sky130_fd_sc_hs__inv_4 (0) disconnected node: VNB
Cell sky130_fd_sc_hs__inv_4 (0) disconnected node: VPB
Cell sky130_fd_sc_hs__inv_4 (0) disconnected node: VPWR
Cell sky130_fd_sc_hs__inv_4 (0) disconnected node: Y

Subcircuit pins:
Circuit 1: sky130_fd_sc_hs__inv_4          |Circuit 2: sky130_fd_sc_hs__inv_4          
-------------------------------------------|-------------------------------------------
A                                          |A                                          
VGND                                       |VGND                                       
VNB                                        |VNB                                        
VPB                                        |VPB                                        
VPWR                                       |VPWR                                       
Y                                          |Y                                          
---------------------------------------------------------------------------------------
Cell pin lists are equivalent.
Device classes sky130_fd_sc_hs__inv_4 and sky130_fd_sc_hs__inv_4 are equivalent.

Cell sky130_fd_sc_hs__a31oi_1 (0) disconnected node: A1
Cell sky130_fd_sc_hs__a31oi_1 (0) disconnected node: A2
Cell sky130_fd_sc_hs__a31oi_1 (0) disconnected node: A3
Cell sky130_fd_sc_hs__a31oi_1 (0) disconnected node: B1
Cell sky130_fd_sc_hs__a31oi_1 (0) disconnected node: VGND
Cell sky130_fd_sc_hs__a31oi_1 (0) disconnected node: VNB
Cell sky130_fd_sc_hs__a31oi_1 (0) disconnected node: VPB
Cell sky130_fd_sc_hs__a31oi_1 (0) disconnected node: VPWR
Cell sky130_fd_sc_hs__a31oi_1 (0) disconnected node: Y

Subcircuit pins:
Circuit 1: sky130_fd_sc_hs__a31oi_1        |Circuit 2: sky130_fd_sc_hs__a31oi_1        
-------------------------------------------|-------------------------------------------
A1                                         |A1                                         
A2                                         |A2                                         
A3                                         |A3                                         
B1                                         |B1                                         
VGND                                       |VGND                                       
VNB                                        |VNB                                        
VPB                                        |VPB                                        
VPWR                                       |VPWR                                       
Y                                          |Y                                          
---------------------------------------------------------------------------------------
Cell pin lists are equivalent.
Device classes sky130_fd_sc_hs__a31oi_1 and sky130_fd_sc_hs__a31oi_1 are equivalent.

Cell sky130_fd_sc_hs__xor2_2 (0) disconnected node: A
Cell sky130_fd_sc_hs__xor2_2 (0) disconnected node: B
Cell sky130_fd_sc_hs__xor2_2 (0) disconnected node: VGND
Cell sky130_fd_sc_hs__xor2_2 (0) disconnected node: VNB
Cell sky130_fd_sc_hs__xor2_2 (0) disconnected node: VPB
Cell sky130_fd_sc_hs__xor2_2 (0) disconnected node: VPWR
Cell sky130_fd_sc_hs__xor2_2 (0) disconnected node: X

Subcircuit pins:
Circuit 1: sky130_fd_sc_hs__xor2_2         |Circuit 2: sky130_fd_sc_hs__xor2_2         
-------------------------------------------|-------------------------------------------
A                                          |A                                          
B                                          |B                                          
VGND                                       |VGND                                       
VNB                                        |VNB                                        
VPB                                        |VPB                                        
VPWR                                       |VPWR                                       
X                                          |X                                          
---------------------------------------------------------------------------------------
Cell pin lists are equivalent.
Device classes sky130_fd_sc_hs__xor2_2 and sky130_fd_sc_hs__xor2_2 are equivalent.

Cell sky130_fd_sc_hs__a21oi_2 (0) disconnected node: A1
Cell sky130_fd_sc_hs__a21oi_2 (0) disconnected node: A2
Cell sky130_fd_sc_hs__a21oi_2 (0) disconnected node: B1
Cell sky130_fd_sc_hs__a21oi_2 (0) disconnected node: VGND
Cell sky130_fd_sc_hs__a21oi_2 (0) disconnected node: VNB
Cell sky130_fd_sc_hs__a21oi_2 (0) disconnected node: VPB
Cell sky130_fd_sc_hs__a21oi_2 (0) disconnected node: VPWR
Cell sky130_fd_sc_hs__a21oi_2 (0) disconnected node: Y

Subcircuit pins:
Circuit 1: sky130_fd_sc_hs__a21oi_2        |Circuit 2: sky130_fd_sc_hs__a21oi_2        
-------------------------------------------|-------------------------------------------
A1                                         |A1                                         
A2                                         |A2                                         
B1                                         |B1                                         
VGND                                       |VGND                                       
VNB                                        |VNB                                        
VPB                                        |VPB                                        
VPWR                                       |VPWR                                       
Y                                          |Y                                          
---------------------------------------------------------------------------------------
Cell pin lists are equivalent.
Device classes sky130_fd_sc_hs__a21oi_2 and sky130_fd_sc_hs__a21oi_2 are equivalent.

Cell sky130_fd_sc_hs__o31a_1 (0) disconnected node: A1
Cell sky130_fd_sc_hs__o31a_1 (0) disconnected node: A2
Cell sky130_fd_sc_hs__o31a_1 (0) disconnected node: A3
Cell sky130_fd_sc_hs__o31a_1 (0) disconnected node: B1
Cell sky130_fd_sc_hs__o31a_1 (0) disconnected node: VGND
Cell sky130_fd_sc_hs__o31a_1 (0) disconnected node: VNB
Cell sky130_fd_sc_hs__o31a_1 (0) disconnected node: VPB
Cell sky130_fd_sc_hs__o31a_1 (0) disconnected node: VPWR
Cell sky130_fd_sc_hs__o31a_1 (0) disconnected node: X

Subcircuit pins:
Circuit 1: sky130_fd_sc_hs__o31a_1         |Circuit 2: sky130_fd_sc_hs__o31a_1         
-------------------------------------------|-------------------------------------------
A1                                         |A1                                         
A2                                         |A2                                         
A3                                         |A3                                         
B1                                         |B1                                         
VGND                                       |VGND                                       
VNB                                        |VNB                                        
VPB                                        |VPB                                        
VPWR                                       |VPWR                                       
X                                          |X                                          
---------------------------------------------------------------------------------------
Cell pin lists are equivalent.
Device classes sky130_fd_sc_hs__o31a_1 and sky130_fd_sc_hs__o31a_1 are equivalent.

Cell sky130_fd_sc_hs__and4bb_2 (0) disconnected node: A_N
Cell sky130_fd_sc_hs__and4bb_2 (0) disconnected node: B_N
Cell sky130_fd_sc_hs__and4bb_2 (0) disconnected node: C
Cell sky130_fd_sc_hs__and4bb_2 (0) disconnected node: D
Cell sky130_fd_sc_hs__and4bb_2 (0) disconnected node: VGND
Cell sky130_fd_sc_hs__and4bb_2 (0) disconnected node: VNB
Cell sky130_fd_sc_hs__and4bb_2 (0) disconnected node: VPB
Cell sky130_fd_sc_hs__and4bb_2 (0) disconnected node: VPWR
Cell sky130_fd_sc_hs__and4bb_2 (0) disconnected node: X

Subcircuit pins:
Circuit 1: sky130_fd_sc_hs__and4bb_2       |Circuit 2: sky130_fd_sc_hs__and4bb_2       
-------------------------------------------|-------------------------------------------
A_N                                        |A_N                                        
B_N                                        |B_N                                        
C                                          |C                                          
D                                          |D                                          
VGND                                       |VGND                                       
VNB                                        |VNB                                        
VPB                                        |VPB                                        
VPWR                                       |VPWR                                       
X                                          |X                                          
---------------------------------------------------------------------------------------
Cell pin lists are equivalent.
Device classes sky130_fd_sc_hs__and4bb_2 and sky130_fd_sc_hs__and4bb_2 are equivalent.

Cell sky130_fd_sc_hs__clkbuf_16 (0) disconnected node: A
Cell sky130_fd_sc_hs__clkbuf_16 (0) disconnected node: VGND
Cell sky130_fd_sc_hs__clkbuf_16 (0) disconnected node: VNB
Cell sky130_fd_sc_hs__clkbuf_16 (0) disconnected node: VPB
Cell sky130_fd_sc_hs__clkbuf_16 (0) disconnected node: VPWR
Cell sky130_fd_sc_hs__clkbuf_16 (0) disconnected node: X

Subcircuit pins:
Circuit 1: sky130_fd_sc_hs__clkbuf_16      |Circuit 2: sky130_fd_sc_hs__clkbuf_16      
-------------------------------------------|-------------------------------------------
A                                          |A                                          
VGND                                       |VGND                                       
VNB                                        |VNB                                        
VPB                                        |VPB                                        
VPWR                                       |VPWR                                       
X                                          |X                                          
---------------------------------------------------------------------------------------
Cell pin lists are equivalent.
Device classes sky130_fd_sc_hs__clkbuf_16 and sky130_fd_sc_hs__clkbuf_16 are equivalent.

Cell sky130_fd_sc_hs__dfxtp_4 (0) disconnected node: CLK
Cell sky130_fd_sc_hs__dfxtp_4 (0) disconnected node: D
Cell sky130_fd_sc_hs__dfxtp_4 (0) disconnected node: VGND
Cell sky130_fd_sc_hs__dfxtp_4 (0) disconnected node: VNB
Cell sky130_fd_sc_hs__dfxtp_4 (0) disconnected node: VPB
Cell sky130_fd_sc_hs__dfxtp_4 (0) disconnected node: VPWR
Cell sky130_fd_sc_hs__dfxtp_4 (0) disconnected node: Q

Subcircuit pins:
Circuit 1: sky130_fd_sc_hs__dfxtp_4        |Circuit 2: sky130_fd_sc_hs__dfxtp_4        
-------------------------------------------|-------------------------------------------
CLK                                        |CLK                                        
D                                          |D                                          
VGND                                       |VGND                                       
VNB                                        |VNB                                        
VPB                                        |VPB                                        
VPWR                                       |VPWR                                       
Q                                          |Q                                          
---------------------------------------------------------------------------------------
Cell pin lists are equivalent.
Device classes sky130_fd_sc_hs__dfxtp_4 and sky130_fd_sc_hs__dfxtp_4 are equivalent.

Cell sky130_fd_sc_hs__o311a_2 (0) disconnected node: A1
Cell sky130_fd_sc_hs__o311a_2 (0) disconnected node: A2
Cell sky130_fd_sc_hs__o311a_2 (0) disconnected node: A3
Cell sky130_fd_sc_hs__o311a_2 (0) disconnected node: B1
Cell sky130_fd_sc_hs__o311a_2 (0) disconnected node: C1
Cell sky130_fd_sc_hs__o311a_2 (0) disconnected node: VGND
Cell sky130_fd_sc_hs__o311a_2 (0) disconnected node: VNB
Cell sky130_fd_sc_hs__o311a_2 (0) disconnected node: VPB
Cell sky130_fd_sc_hs__o311a_2 (0) disconnected node: VPWR
Cell sky130_fd_sc_hs__o311a_2 (0) disconnected node: X

Subcircuit pins:
Circuit 1: sky130_fd_sc_hs__o311a_2        |Circuit 2: sky130_fd_sc_hs__o311a_2        
-------------------------------------------|-------------------------------------------
A1                                         |A1                                         
A2                                         |A2                                         
A3                                         |A3                                         
B1                                         |B1                                         
C1                                         |C1                                         
VGND                                       |VGND                                       
VNB                                        |VNB                                        
VPB                                        |VPB                                        
VPWR                                       |VPWR                                       
X                                          |X                                          
---------------------------------------------------------------------------------------
Cell pin lists are equivalent.
Device classes sky130_fd_sc_hs__o311a_2 and sky130_fd_sc_hs__o311a_2 are equivalent.

Cell sky130_fd_sc_hs__a32oi_2 (0) disconnected node: A1
Cell sky130_fd_sc_hs__a32oi_2 (0) disconnected node: A2
Cell sky130_fd_sc_hs__a32oi_2 (0) disconnected node: A3
Cell sky130_fd_sc_hs__a32oi_2 (0) disconnected node: B1
Cell sky130_fd_sc_hs__a32oi_2 (0) disconnected node: B2
Cell sky130_fd_sc_hs__a32oi_2 (0) disconnected node: VGND
Cell sky130_fd_sc_hs__a32oi_2 (0) disconnected node: VNB
Cell sky130_fd_sc_hs__a32oi_2 (0) disconnected node: VPB
Cell sky130_fd_sc_hs__a32oi_2 (0) disconnected node: VPWR
Cell sky130_fd_sc_hs__a32oi_2 (0) disconnected node: Y

Subcircuit pins:
Circuit 1: sky130_fd_sc_hs__a32oi_2        |Circuit 2: sky130_fd_sc_hs__a32oi_2        
-------------------------------------------|-------------------------------------------
A1                                         |A1                                         
A2                                         |A2                                         
A3                                         |A3                                         
B1                                         |B1                                         
B2                                         |B2                                         
VGND                                       |VGND                                       
VNB                                        |VNB                                        
VPB                                        |VPB                                        
VPWR                                       |VPWR                                       
Y                                          |Y                                          
---------------------------------------------------------------------------------------
Cell pin lists are equivalent.
Device classes sky130_fd_sc_hs__a32oi_2 and sky130_fd_sc_hs__a32oi_2 are equivalent.

Cell sky130_fd_sc_hs__or4_1 (0) disconnected node: A
Cell sky130_fd_sc_hs__or4_1 (0) disconnected node: B
Cell sky130_fd_sc_hs__or4_1 (0) disconnected node: C
Cell sky130_fd_sc_hs__or4_1 (0) disconnected node: D
Cell sky130_fd_sc_hs__or4_1 (0) disconnected node: VGND
Cell sky130_fd_sc_hs__or4_1 (0) disconnected node: VNB
Cell sky130_fd_sc_hs__or4_1 (0) disconnected node: VPB
Cell sky130_fd_sc_hs__or4_1 (0) disconnected node: VPWR
Cell sky130_fd_sc_hs__or4_1 (0) disconnected node: X

Subcircuit pins:
Circuit 1: sky130_fd_sc_hs__or4_1          |Circuit 2: sky130_fd_sc_hs__or4_1          
-------------------------------------------|-------------------------------------------
A                                          |A                                          
B                                          |B                                          
C                                          |C                                          
D                                          |D                                          
VGND                                       |VGND                                       
VNB                                        |VNB                                        
VPB                                        |VPB                                        
VPWR                                       |VPWR                                       
X                                          |X                                          
---------------------------------------------------------------------------------------
Cell pin lists are equivalent.
Device classes sky130_fd_sc_hs__or4_1 and sky130_fd_sc_hs__or4_1 are equivalent.

Cell sky130_fd_sc_hs__o32a_1 (0) disconnected node: A1
Cell sky130_fd_sc_hs__o32a_1 (0) disconnected node: A2
Cell sky130_fd_sc_hs__o32a_1 (0) disconnected node: A3
Cell sky130_fd_sc_hs__o32a_1 (0) disconnected node: B1
Cell sky130_fd_sc_hs__o32a_1 (0) disconnected node: B2
Cell sky130_fd_sc_hs__o32a_1 (0) disconnected node: VGND
Cell sky130_fd_sc_hs__o32a_1 (0) disconnected node: VNB
Cell sky130_fd_sc_hs__o32a_1 (0) disconnected node: VPB
Cell sky130_fd_sc_hs__o32a_1 (0) disconnected node: VPWR
Cell sky130_fd_sc_hs__o32a_1 (0) disconnected node: X

Subcircuit pins:
Circuit 1: sky130_fd_sc_hs__o32a_1         |Circuit 2: sky130_fd_sc_hs__o32a_1         
-------------------------------------------|-------------------------------------------
A1                                         |A1                                         
A2                                         |A2                                         
A3                                         |A3                                         
B1                                         |B1                                         
B2                                         |B2                                         
VGND                                       |VGND                                       
VNB                                        |VNB                                        
VPB                                        |VPB                                        
VPWR                                       |VPWR                                       
X                                          |X                                          
---------------------------------------------------------------------------------------
Cell pin lists are equivalent.
Device classes sky130_fd_sc_hs__o32a_1 and sky130_fd_sc_hs__o32a_1 are equivalent.

Cell sky130_fd_sc_hs__o2111ai_4 (0) disconnected node: A1
Cell sky130_fd_sc_hs__o2111ai_4 (0) disconnected node: A2
Cell sky130_fd_sc_hs__o2111ai_4 (0) disconnected node: B1
Cell sky130_fd_sc_hs__o2111ai_4 (0) disconnected node: C1
Cell sky130_fd_sc_hs__o2111ai_4 (0) disconnected node: D1
Cell sky130_fd_sc_hs__o2111ai_4 (0) disconnected node: VGND
Cell sky130_fd_sc_hs__o2111ai_4 (0) disconnected node: VNB
Cell sky130_fd_sc_hs__o2111ai_4 (0) disconnected node: VPB
Cell sky130_fd_sc_hs__o2111ai_4 (0) disconnected node: VPWR
Cell sky130_fd_sc_hs__o2111ai_4 (0) disconnected node: Y

Subcircuit pins:
Circuit 1: sky130_fd_sc_hs__o2111ai_4      |Circuit 2: sky130_fd_sc_hs__o2111ai_4      
-------------------------------------------|-------------------------------------------
A1                                         |A1                                         
A2                                         |A2                                         
B1                                         |B1                                         
C1                                         |C1                                         
D1                                         |D1                                         
VGND                                       |VGND                                       
VNB                                        |VNB                                        
VPB                                        |VPB                                        
VPWR                                       |VPWR                                       
Y                                          |Y                                          
---------------------------------------------------------------------------------------
Cell pin lists are equivalent.
Device classes sky130_fd_sc_hs__o2111ai_4 and sky130_fd_sc_hs__o2111ai_4 are equivalent.

Cell sky130_fd_sc_hs__a222oi_2 (0) disconnected node: A1
Cell sky130_fd_sc_hs__a222oi_2 (0) disconnected node: A2
Cell sky130_fd_sc_hs__a222oi_2 (0) disconnected node: B1
Cell sky130_fd_sc_hs__a222oi_2 (0) disconnected node: B2
Cell sky130_fd_sc_hs__a222oi_2 (0) disconnected node: C1
Cell sky130_fd_sc_hs__a222oi_2 (0) disconnected node: C2
Cell sky130_fd_sc_hs__a222oi_2 (0) disconnected node: VGND
Cell sky130_fd_sc_hs__a222oi_2 (0) disconnected node: VNB
Cell sky130_fd_sc_hs__a222oi_2 (0) disconnected node: VPB
Cell sky130_fd_sc_hs__a222oi_2 (0) disconnected node: VPWR
Cell sky130_fd_sc_hs__a222oi_2 (0) disconnected node: Y

Subcircuit pins:
Circuit 1: sky130_fd_sc_hs__a222oi_2       |Circuit 2: sky130_fd_sc_hs__a222oi_2       
-------------------------------------------|-------------------------------------------
A1                                         |A1                                         
A2                                         |A2                                         
B1                                         |B1                                         
B2                                         |B2                                         
C1                                         |C1                                         
C2                                         |C2                                         
VGND                                       |VGND                                       
VNB                                        |VNB                                        
VPB                                        |VPB                                        
VPWR                                       |VPWR                                       
Y                                          |Y                                          
---------------------------------------------------------------------------------------
Cell pin lists are equivalent.
Device classes sky130_fd_sc_hs__a222oi_2 and sky130_fd_sc_hs__a222oi_2 are equivalent.

Cell sky130_fd_sc_hs__o2111a_1 (0) disconnected node: A1
Cell sky130_fd_sc_hs__o2111a_1 (0) disconnected node: A2
Cell sky130_fd_sc_hs__o2111a_1 (0) disconnected node: B1
Cell sky130_fd_sc_hs__o2111a_1 (0) disconnected node: C1
Cell sky130_fd_sc_hs__o2111a_1 (0) disconnected node: D1
Cell sky130_fd_sc_hs__o2111a_1 (0) disconnected node: VGND
Cell sky130_fd_sc_hs__o2111a_1 (0) disconnected node: VNB
Cell sky130_fd_sc_hs__o2111a_1 (0) disconnected node: VPB
Cell sky130_fd_sc_hs__o2111a_1 (0) disconnected node: VPWR
Cell sky130_fd_sc_hs__o2111a_1 (0) disconnected node: X

Subcircuit pins:
Circuit 1: sky130_fd_sc_hs__o2111a_1       |Circuit 2: sky130_fd_sc_hs__o2111a_1       
-------------------------------------------|-------------------------------------------
A1                                         |A1                                         
A2                                         |A2                                         
B1                                         |B1                                         
C1                                         |C1                                         
D1                                         |D1                                         
VGND                                       |VGND                                       
VNB                                        |VNB                                        
VPB                                        |VPB                                        
VPWR                                       |VPWR                                       
X                                          |X                                          
---------------------------------------------------------------------------------------
Cell pin lists are equivalent.
Device classes sky130_fd_sc_hs__o2111a_1 and sky130_fd_sc_hs__o2111a_1 are equivalent.

Cell sky130_fd_sc_hs__o311a_1 (0) disconnected node: A1
Cell sky130_fd_sc_hs__o311a_1 (0) disconnected node: A2
Cell sky130_fd_sc_hs__o311a_1 (0) disconnected node: A3
Cell sky130_fd_sc_hs__o311a_1 (0) disconnected node: B1
Cell sky130_fd_sc_hs__o311a_1 (0) disconnected node: C1
Cell sky130_fd_sc_hs__o311a_1 (0) disconnected node: VGND
Cell sky130_fd_sc_hs__o311a_1 (0) disconnected node: VNB
Cell sky130_fd_sc_hs__o311a_1 (0) disconnected node: VPB
Cell sky130_fd_sc_hs__o311a_1 (0) disconnected node: VPWR
Cell sky130_fd_sc_hs__o311a_1 (0) disconnected node: X

Subcircuit pins:
Circuit 1: sky130_fd_sc_hs__o311a_1        |Circuit 2: sky130_fd_sc_hs__o311a_1        
-------------------------------------------|-------------------------------------------
A1                                         |A1                                         
A2                                         |A2                                         
A3                                         |A3                                         
B1                                         |B1                                         
C1                                         |C1                                         
VGND                                       |VGND                                       
VNB                                        |VNB                                        
VPB                                        |VPB                                        
VPWR                                       |VPWR                                       
X                                          |X                                          
---------------------------------------------------------------------------------------
Cell pin lists are equivalent.
Device classes sky130_fd_sc_hs__o311a_1 and sky130_fd_sc_hs__o311a_1 are equivalent.

Cell sky130_fd_sc_hs__nand4_2 (0) disconnected node: A
Cell sky130_fd_sc_hs__nand4_2 (0) disconnected node: B
Cell sky130_fd_sc_hs__nand4_2 (0) disconnected node: C
Cell sky130_fd_sc_hs__nand4_2 (0) disconnected node: D
Cell sky130_fd_sc_hs__nand4_2 (0) disconnected node: VGND
Cell sky130_fd_sc_hs__nand4_2 (0) disconnected node: VNB
Cell sky130_fd_sc_hs__nand4_2 (0) disconnected node: VPB
Cell sky130_fd_sc_hs__nand4_2 (0) disconnected node: VPWR
Cell sky130_fd_sc_hs__nand4_2 (0) disconnected node: Y

Subcircuit pins:
Circuit 1: sky130_fd_sc_hs__nand4_2        |Circuit 2: sky130_fd_sc_hs__nand4_2        
-------------------------------------------|-------------------------------------------
A                                          |A                                          
B                                          |B                                          
C                                          |C                                          
D                                          |D                                          
VGND                                       |VGND                                       
VNB                                        |VNB                                        
VPB                                        |VPB                                        
VPWR                                       |VPWR                                       
Y                                          |Y                                          
---------------------------------------------------------------------------------------
Cell pin lists are equivalent.
Device classes sky130_fd_sc_hs__nand4_2 and sky130_fd_sc_hs__nand4_2 are equivalent.

Cell sky130_fd_sc_hs__and4_2 (0) disconnected node: A
Cell sky130_fd_sc_hs__and4_2 (0) disconnected node: B
Cell sky130_fd_sc_hs__and4_2 (0) disconnected node: C
Cell sky130_fd_sc_hs__and4_2 (0) disconnected node: D
Cell sky130_fd_sc_hs__and4_2 (0) disconnected node: VGND
Cell sky130_fd_sc_hs__and4_2 (0) disconnected node: VNB
Cell sky130_fd_sc_hs__and4_2 (0) disconnected node: VPB
Cell sky130_fd_sc_hs__and4_2 (0) disconnected node: VPWR
Cell sky130_fd_sc_hs__and4_2 (0) disconnected node: X

Subcircuit pins:
Circuit 1: sky130_fd_sc_hs__and4_2         |Circuit 2: sky130_fd_sc_hs__and4_2         
-------------------------------------------|-------------------------------------------
A                                          |A                                          
B                                          |B                                          
C                                          |C                                          
D                                          |D                                          
VGND                                       |VGND                                       
VNB                                        |VNB                                        
VPB                                        |VPB                                        
VPWR                                       |VPWR                                       
X                                          |X                                          
---------------------------------------------------------------------------------------
Cell pin lists are equivalent.
Device classes sky130_fd_sc_hs__and4_2 and sky130_fd_sc_hs__and4_2 are equivalent.

Cell sky130_fd_sc_hs__o211a_2 (0) disconnected node: A1
Cell sky130_fd_sc_hs__o211a_2 (0) disconnected node: A2
Cell sky130_fd_sc_hs__o211a_2 (0) disconnected node: B1
Cell sky130_fd_sc_hs__o211a_2 (0) disconnected node: C1
Cell sky130_fd_sc_hs__o211a_2 (0) disconnected node: VGND
Cell sky130_fd_sc_hs__o211a_2 (0) disconnected node: VNB
Cell sky130_fd_sc_hs__o211a_2 (0) disconnected node: VPB
Cell sky130_fd_sc_hs__o211a_2 (0) disconnected node: VPWR
Cell sky130_fd_sc_hs__o211a_2 (0) disconnected node: X

Subcircuit pins:
Circuit 1: sky130_fd_sc_hs__o211a_2        |Circuit 2: sky130_fd_sc_hs__o211a_2        
-------------------------------------------|-------------------------------------------
A1                                         |A1                                         
A2                                         |A2                                         
B1                                         |B1                                         
C1                                         |C1                                         
VGND                                       |VGND                                       
VNB                                        |VNB                                        
VPB                                        |VPB                                        
VPWR                                       |VPWR                                       
X                                          |X                                          
---------------------------------------------------------------------------------------
Cell pin lists are equivalent.
Device classes sky130_fd_sc_hs__o211a_2 and sky130_fd_sc_hs__o211a_2 are equivalent.

Cell sky130_fd_sc_hs__nor2_8 (0) disconnected node: A
Cell sky130_fd_sc_hs__nor2_8 (0) disconnected node: B
Cell sky130_fd_sc_hs__nor2_8 (0) disconnected node: VGND
Cell sky130_fd_sc_hs__nor2_8 (0) disconnected node: VNB
Cell sky130_fd_sc_hs__nor2_8 (0) disconnected node: VPB
Cell sky130_fd_sc_hs__nor2_8 (0) disconnected node: VPWR
Cell sky130_fd_sc_hs__nor2_8 (0) disconnected node: Y

Subcircuit pins:
Circuit 1: sky130_fd_sc_hs__nor2_8         |Circuit 2: sky130_fd_sc_hs__nor2_8         
-------------------------------------------|-------------------------------------------
A                                          |A                                          
B                                          |B                                          
VGND                                       |VGND                                       
VNB                                        |VNB                                        
VPB                                        |VPB                                        
VPWR                                       |VPWR                                       
Y                                          |Y                                          
---------------------------------------------------------------------------------------
Cell pin lists are equivalent.
Device classes sky130_fd_sc_hs__nor2_8 and sky130_fd_sc_hs__nor2_8 are equivalent.

Cell sky130_fd_sc_hs__clkinv_1 (0) disconnected node: A
Cell sky130_fd_sc_hs__clkinv_1 (0) disconnected node: VGND
Cell sky130_fd_sc_hs__clkinv_1 (0) disconnected node: VNB
Cell sky130_fd_sc_hs__clkinv_1 (0) disconnected node: VPB
Cell sky130_fd_sc_hs__clkinv_1 (0) disconnected node: VPWR
Cell sky130_fd_sc_hs__clkinv_1 (0) disconnected node: Y

Subcircuit pins:
Circuit 1: sky130_fd_sc_hs__clkinv_1       |Circuit 2: sky130_fd_sc_hs__clkinv_1       
-------------------------------------------|-------------------------------------------
A                                          |A                                          
VGND                                       |VGND                                       
VNB                                        |VNB                                        
VPB                                        |VPB                                        
VPWR                                       |VPWR                                       
Y                                          |Y                                          
---------------------------------------------------------------------------------------
Cell pin lists are equivalent.
Device classes sky130_fd_sc_hs__clkinv_1 and sky130_fd_sc_hs__clkinv_1 are equivalent.

Cell sky130_fd_sc_hs__clkinv_4 (0) disconnected node: A
Cell sky130_fd_sc_hs__clkinv_4 (0) disconnected node: VGND
Cell sky130_fd_sc_hs__clkinv_4 (0) disconnected node: VNB
Cell sky130_fd_sc_hs__clkinv_4 (0) disconnected node: VPB
Cell sky130_fd_sc_hs__clkinv_4 (0) disconnected node: VPWR
Cell sky130_fd_sc_hs__clkinv_4 (0) disconnected node: Y

Subcircuit pins:
Circuit 1: sky130_fd_sc_hs__clkinv_4       |Circuit 2: sky130_fd_sc_hs__clkinv_4       
-------------------------------------------|-------------------------------------------
A                                          |A                                          
VGND                                       |VGND                                       
VNB                                        |VNB                                        
VPB                                        |VPB                                        
VPWR                                       |VPWR                                       
Y                                          |Y                                          
---------------------------------------------------------------------------------------
Cell pin lists are equivalent.
Device classes sky130_fd_sc_hs__clkinv_4 and sky130_fd_sc_hs__clkinv_4 are equivalent.

Cell sky130_fd_sc_hs__a311oi_1 (0) disconnected node: A1
Cell sky130_fd_sc_hs__a311oi_1 (0) disconnected node: A2
Cell sky130_fd_sc_hs__a311oi_1 (0) disconnected node: A3
Cell sky130_fd_sc_hs__a311oi_1 (0) disconnected node: B1
Cell sky130_fd_sc_hs__a311oi_1 (0) disconnected node: C1
Cell sky130_fd_sc_hs__a311oi_1 (0) disconnected node: VGND
Cell sky130_fd_sc_hs__a311oi_1 (0) disconnected node: VNB
Cell sky130_fd_sc_hs__a311oi_1 (0) disconnected node: VPB
Cell sky130_fd_sc_hs__a311oi_1 (0) disconnected node: VPWR
Cell sky130_fd_sc_hs__a311oi_1 (0) disconnected node: Y

Subcircuit pins:
Circuit 1: sky130_fd_sc_hs__a311oi_1       |Circuit 2: sky130_fd_sc_hs__a311oi_1       
-------------------------------------------|-------------------------------------------
A1                                         |A1                                         
A2                                         |A2                                         
A3                                         |A3                                         
B1                                         |B1                                         
C1                                         |C1                                         
VGND                                       |VGND                                       
VNB                                        |VNB                                        
VPB                                        |VPB                                        
VPWR                                       |VPWR                                       
Y                                          |Y                                          
---------------------------------------------------------------------------------------
Cell pin lists are equivalent.
Device classes sky130_fd_sc_hs__a311oi_1 and sky130_fd_sc_hs__a311oi_1 are equivalent.

Cell sky130_fd_sc_hs__and4b_2 (0) disconnected node: A_N
Cell sky130_fd_sc_hs__and4b_2 (0) disconnected node: B
Cell sky130_fd_sc_hs__and4b_2 (0) disconnected node: C
Cell sky130_fd_sc_hs__and4b_2 (0) disconnected node: D
Cell sky130_fd_sc_hs__and4b_2 (0) disconnected node: VGND
Cell sky130_fd_sc_hs__and4b_2 (0) disconnected node: VNB
Cell sky130_fd_sc_hs__and4b_2 (0) disconnected node: VPB
Cell sky130_fd_sc_hs__and4b_2 (0) disconnected node: VPWR
Cell sky130_fd_sc_hs__and4b_2 (0) disconnected node: X

Subcircuit pins:
Circuit 1: sky130_fd_sc_hs__and4b_2        |Circuit 2: sky130_fd_sc_hs__and4b_2        
-------------------------------------------|-------------------------------------------
A_N                                        |A_N                                        
B                                          |B                                          
C                                          |C                                          
D                                          |D                                          
VGND                                       |VGND                                       
VNB                                        |VNB                                        
VPB                                        |VPB                                        
VPWR                                       |VPWR                                       
X                                          |X                                          
---------------------------------------------------------------------------------------
Cell pin lists are equivalent.
Device classes sky130_fd_sc_hs__and4b_2 and sky130_fd_sc_hs__and4b_2 are equivalent.

Cell sky130_fd_sc_hs__a41oi_2 (0) disconnected node: A1
Cell sky130_fd_sc_hs__a41oi_2 (0) disconnected node: A2
Cell sky130_fd_sc_hs__a41oi_2 (0) disconnected node: A3
Cell sky130_fd_sc_hs__a41oi_2 (0) disconnected node: A4
Cell sky130_fd_sc_hs__a41oi_2 (0) disconnected node: B1
Cell sky130_fd_sc_hs__a41oi_2 (0) disconnected node: VGND
Cell sky130_fd_sc_hs__a41oi_2 (0) disconnected node: VNB
Cell sky130_fd_sc_hs__a41oi_2 (0) disconnected node: VPB
Cell sky130_fd_sc_hs__a41oi_2 (0) disconnected node: VPWR
Cell sky130_fd_sc_hs__a41oi_2 (0) disconnected node: Y

Subcircuit pins:
Circuit 1: sky130_fd_sc_hs__a41oi_2        |Circuit 2: sky130_fd_sc_hs__a41oi_2        
-------------------------------------------|-------------------------------------------
A1                                         |A1                                         
A2                                         |A2                                         
A3                                         |A3                                         
A4                                         |A4                                         
B1                                         |B1                                         
VGND                                       |VGND                                       
VNB                                        |VNB                                        
VPB                                        |VPB                                        
VPWR                                       |VPWR                                       
Y                                          |Y                                          
---------------------------------------------------------------------------------------
Cell pin lists are equivalent.
Device classes sky130_fd_sc_hs__a41oi_2 and sky130_fd_sc_hs__a41oi_2 are equivalent.

Cell sky130_fd_sc_hs__nor2_2 (0) disconnected node: A
Cell sky130_fd_sc_hs__nor2_2 (0) disconnected node: B
Cell sky130_fd_sc_hs__nor2_2 (0) disconnected node: VGND
Cell sky130_fd_sc_hs__nor2_2 (0) disconnected node: VNB
Cell sky130_fd_sc_hs__nor2_2 (0) disconnected node: VPB
Cell sky130_fd_sc_hs__nor2_2 (0) disconnected node: VPWR
Cell sky130_fd_sc_hs__nor2_2 (0) disconnected node: Y

Subcircuit pins:
Circuit 1: sky130_fd_sc_hs__nor2_2         |Circuit 2: sky130_fd_sc_hs__nor2_2         
-------------------------------------------|-------------------------------------------
A                                          |A                                          
B                                          |B                                          
VGND                                       |VGND                                       
VNB                                        |VNB                                        
VPB                                        |VPB                                        
VPWR                                       |VPWR                                       
Y                                          |Y                                          
---------------------------------------------------------------------------------------
Cell pin lists are equivalent.
Device classes sky130_fd_sc_hs__nor2_2 and sky130_fd_sc_hs__nor2_2 are equivalent.

Cell sky130_fd_sc_hs__clkinv_2 (0) disconnected node: A
Cell sky130_fd_sc_hs__clkinv_2 (0) disconnected node: VGND
Cell sky130_fd_sc_hs__clkinv_2 (0) disconnected node: VNB
Cell sky130_fd_sc_hs__clkinv_2 (0) disconnected node: VPB
Cell sky130_fd_sc_hs__clkinv_2 (0) disconnected node: VPWR
Cell sky130_fd_sc_hs__clkinv_2 (0) disconnected node: Y

Subcircuit pins:
Circuit 1: sky130_fd_sc_hs__clkinv_2       |Circuit 2: sky130_fd_sc_hs__clkinv_2       
-------------------------------------------|-------------------------------------------
A                                          |A                                          
VGND                                       |VGND                                       
VNB                                        |VNB                                        
VPB                                        |VPB                                        
VPWR                                       |VPWR                                       
Y                                          |Y                                          
---------------------------------------------------------------------------------------
Cell pin lists are equivalent.
Device classes sky130_fd_sc_hs__clkinv_2 and sky130_fd_sc_hs__clkinv_2 are equivalent.

Cell sky130_fd_sc_hs__and3b_1 (0) disconnected node: A_N
Cell sky130_fd_sc_hs__and3b_1 (0) disconnected node: B
Cell sky130_fd_sc_hs__and3b_1 (0) disconnected node: C
Cell sky130_fd_sc_hs__and3b_1 (0) disconnected node: VGND
Cell sky130_fd_sc_hs__and3b_1 (0) disconnected node: VNB
Cell sky130_fd_sc_hs__and3b_1 (0) disconnected node: VPB
Cell sky130_fd_sc_hs__and3b_1 (0) disconnected node: VPWR
Cell sky130_fd_sc_hs__and3b_1 (0) disconnected node: X

Subcircuit pins:
Circuit 1: sky130_fd_sc_hs__and3b_1        |Circuit 2: sky130_fd_sc_hs__and3b_1        
-------------------------------------------|-------------------------------------------
A_N                                        |A_N                                        
B                                          |B                                          
C                                          |C                                          
VGND                                       |VGND                                       
VNB                                        |VNB                                        
VPB                                        |VPB                                        
VPWR                                       |VPWR                                       
X                                          |X                                          
---------------------------------------------------------------------------------------
Cell pin lists are equivalent.
Device classes sky130_fd_sc_hs__and3b_1 and sky130_fd_sc_hs__and3b_1 are equivalent.

Cell sky130_fd_sc_hs__nor4_4 (0) disconnected node: A
Cell sky130_fd_sc_hs__nor4_4 (0) disconnected node: B
Cell sky130_fd_sc_hs__nor4_4 (0) disconnected node: C
Cell sky130_fd_sc_hs__nor4_4 (0) disconnected node: D
Cell sky130_fd_sc_hs__nor4_4 (0) disconnected node: VGND
Cell sky130_fd_sc_hs__nor4_4 (0) disconnected node: VNB
Cell sky130_fd_sc_hs__nor4_4 (0) disconnected node: VPB
Cell sky130_fd_sc_hs__nor4_4 (0) disconnected node: VPWR
Cell sky130_fd_sc_hs__nor4_4 (0) disconnected node: Y

Subcircuit pins:
Circuit 1: sky130_fd_sc_hs__nor4_4         |Circuit 2: sky130_fd_sc_hs__nor4_4         
-------------------------------------------|-------------------------------------------
A                                          |A                                          
B                                          |B                                          
C                                          |C                                          
D                                          |D                                          
VGND                                       |VGND                                       
VNB                                        |VNB                                        
VPB                                        |VPB                                        
VPWR                                       |VPWR                                       
Y                                          |Y                                          
---------------------------------------------------------------------------------------
Cell pin lists are equivalent.
Device classes sky130_fd_sc_hs__nor4_4 and sky130_fd_sc_hs__nor4_4 are equivalent.

Cell sky130_fd_sc_hs__a31oi_2 (0) disconnected node: A1
Cell sky130_fd_sc_hs__a31oi_2 (0) disconnected node: A2
Cell sky130_fd_sc_hs__a31oi_2 (0) disconnected node: A3
Cell sky130_fd_sc_hs__a31oi_2 (0) disconnected node: B1
Cell sky130_fd_sc_hs__a31oi_2 (0) disconnected node: VGND
Cell sky130_fd_sc_hs__a31oi_2 (0) disconnected node: VNB
Cell sky130_fd_sc_hs__a31oi_2 (0) disconnected node: VPB
Cell sky130_fd_sc_hs__a31oi_2 (0) disconnected node: VPWR
Cell sky130_fd_sc_hs__a31oi_2 (0) disconnected node: Y

Subcircuit pins:
Circuit 1: sky130_fd_sc_hs__a31oi_2        |Circuit 2: sky130_fd_sc_hs__a31oi_2        
-------------------------------------------|-------------------------------------------
A1                                         |A1                                         
A2                                         |A2                                         
A3                                         |A3                                         
B1                                         |B1                                         
VGND                                       |VGND                                       
VNB                                        |VNB                                        
VPB                                        |VPB                                        
VPWR                                       |VPWR                                       
Y                                          |Y                                          
---------------------------------------------------------------------------------------
Cell pin lists are equivalent.
Device classes sky130_fd_sc_hs__a31oi_2 and sky130_fd_sc_hs__a31oi_2 are equivalent.

Cell sky130_fd_sc_hs__nor3b_4 (0) disconnected node: A
Cell sky130_fd_sc_hs__nor3b_4 (0) disconnected node: B
Cell sky130_fd_sc_hs__nor3b_4 (0) disconnected node: C_N
Cell sky130_fd_sc_hs__nor3b_4 (0) disconnected node: VGND
Cell sky130_fd_sc_hs__nor3b_4 (0) disconnected node: VNB
Cell sky130_fd_sc_hs__nor3b_4 (0) disconnected node: VPB
Cell sky130_fd_sc_hs__nor3b_4 (0) disconnected node: VPWR
Cell sky130_fd_sc_hs__nor3b_4 (0) disconnected node: Y

Subcircuit pins:
Circuit 1: sky130_fd_sc_hs__nor3b_4        |Circuit 2: sky130_fd_sc_hs__nor3b_4        
-------------------------------------------|-------------------------------------------
A                                          |A                                          
B                                          |B                                          
C_N                                        |C_N                                        
VGND                                       |VGND                                       
VNB                                        |VNB                                        
VPB                                        |VPB                                        
VPWR                                       |VPWR                                       
Y                                          |Y                                          
---------------------------------------------------------------------------------------
Cell pin lists are equivalent.
Device classes sky130_fd_sc_hs__nor3b_4 and sky130_fd_sc_hs__nor3b_4 are equivalent.

Cell sky130_fd_sc_hs__buf_8 (0) disconnected node: A
Cell sky130_fd_sc_hs__buf_8 (0) disconnected node: VGND
Cell sky130_fd_sc_hs__buf_8 (0) disconnected node: VNB
Cell sky130_fd_sc_hs__buf_8 (0) disconnected node: VPB
Cell sky130_fd_sc_hs__buf_8 (0) disconnected node: VPWR
Cell sky130_fd_sc_hs__buf_8 (0) disconnected node: X

Subcircuit pins:
Circuit 1: sky130_fd_sc_hs__buf_8          |Circuit 2: sky130_fd_sc_hs__buf_8          
-------------------------------------------|-------------------------------------------
A                                          |A                                          
VGND                                       |VGND                                       
VNB                                        |VNB                                        
VPB                                        |VPB                                        
VPWR                                       |VPWR                                       
X                                          |X                                          
---------------------------------------------------------------------------------------
Cell pin lists are equivalent.
Device classes sky130_fd_sc_hs__buf_8 and sky130_fd_sc_hs__buf_8 are equivalent.

Cell sky130_fd_sc_hs__a22oi_1 (0) disconnected node: A1
Cell sky130_fd_sc_hs__a22oi_1 (0) disconnected node: A2
Cell sky130_fd_sc_hs__a22oi_1 (0) disconnected node: B1
Cell sky130_fd_sc_hs__a22oi_1 (0) disconnected node: B2
Cell sky130_fd_sc_hs__a22oi_1 (0) disconnected node: VGND
Cell sky130_fd_sc_hs__a22oi_1 (0) disconnected node: VNB
Cell sky130_fd_sc_hs__a22oi_1 (0) disconnected node: VPB
Cell sky130_fd_sc_hs__a22oi_1 (0) disconnected node: VPWR
Cell sky130_fd_sc_hs__a22oi_1 (0) disconnected node: Y

Subcircuit pins:
Circuit 1: sky130_fd_sc_hs__a22oi_1        |Circuit 2: sky130_fd_sc_hs__a22oi_1        
-------------------------------------------|-------------------------------------------
A1                                         |A1                                         
A2                                         |A2                                         
B1                                         |B1                                         
B2                                         |B2                                         
VGND                                       |VGND                                       
VNB                                        |VNB                                        
VPB                                        |VPB                                        
VPWR                                       |VPWR                                       
Y                                          |Y                                          
---------------------------------------------------------------------------------------
Cell pin lists are equivalent.
Device classes sky130_fd_sc_hs__a22oi_1 and sky130_fd_sc_hs__a22oi_1 are equivalent.

Cell sky130_fd_sc_hs__nor4_1 (0) disconnected node: A
Cell sky130_fd_sc_hs__nor4_1 (0) disconnected node: B
Cell sky130_fd_sc_hs__nor4_1 (0) disconnected node: C
Cell sky130_fd_sc_hs__nor4_1 (0) disconnected node: D
Cell sky130_fd_sc_hs__nor4_1 (0) disconnected node: VGND
Cell sky130_fd_sc_hs__nor4_1 (0) disconnected node: VNB
Cell sky130_fd_sc_hs__nor4_1 (0) disconnected node: VPB
Cell sky130_fd_sc_hs__nor4_1 (0) disconnected node: VPWR
Cell sky130_fd_sc_hs__nor4_1 (0) disconnected node: Y

Subcircuit pins:
Circuit 1: sky130_fd_sc_hs__nor4_1         |Circuit 2: sky130_fd_sc_hs__nor4_1         
-------------------------------------------|-------------------------------------------
A                                          |A                                          
B                                          |B                                          
C                                          |C                                          
D                                          |D                                          
VGND                                       |VGND                                       
VNB                                        |VNB                                        
VPB                                        |VPB                                        
VPWR                                       |VPWR                                       
Y                                          |Y                                          
---------------------------------------------------------------------------------------
Cell pin lists are equivalent.
Device classes sky130_fd_sc_hs__nor4_1 and sky130_fd_sc_hs__nor4_1 are equivalent.

Cell sky130_fd_sc_hs__and3_1 (0) disconnected node: A
Cell sky130_fd_sc_hs__and3_1 (0) disconnected node: B
Cell sky130_fd_sc_hs__and3_1 (0) disconnected node: C
Cell sky130_fd_sc_hs__and3_1 (0) disconnected node: VGND
Cell sky130_fd_sc_hs__and3_1 (0) disconnected node: VNB
Cell sky130_fd_sc_hs__and3_1 (0) disconnected node: VPB
Cell sky130_fd_sc_hs__and3_1 (0) disconnected node: VPWR
Cell sky130_fd_sc_hs__and3_1 (0) disconnected node: X

Subcircuit pins:
Circuit 1: sky130_fd_sc_hs__and3_1         |Circuit 2: sky130_fd_sc_hs__and3_1         
-------------------------------------------|-------------------------------------------
A                                          |A                                          
B                                          |B                                          
C                                          |C                                          
VGND                                       |VGND                                       
VNB                                        |VNB                                        
VPB                                        |VPB                                        
VPWR                                       |VPWR                                       
X                                          |X                                          
---------------------------------------------------------------------------------------
Cell pin lists are equivalent.
Device classes sky130_fd_sc_hs__and3_1 and sky130_fd_sc_hs__and3_1 are equivalent.

Cell sky130_fd_sc_hs__a31oi_4 (0) disconnected node: A1
Cell sky130_fd_sc_hs__a31oi_4 (0) disconnected node: A2
Cell sky130_fd_sc_hs__a31oi_4 (0) disconnected node: A3
Cell sky130_fd_sc_hs__a31oi_4 (0) disconnected node: B1
Cell sky130_fd_sc_hs__a31oi_4 (0) disconnected node: VGND
Cell sky130_fd_sc_hs__a31oi_4 (0) disconnected node: VNB
Cell sky130_fd_sc_hs__a31oi_4 (0) disconnected node: VPB
Cell sky130_fd_sc_hs__a31oi_4 (0) disconnected node: VPWR
Cell sky130_fd_sc_hs__a31oi_4 (0) disconnected node: Y

Subcircuit pins:
Circuit 1: sky130_fd_sc_hs__a31oi_4        |Circuit 2: sky130_fd_sc_hs__a31oi_4        
-------------------------------------------|-------------------------------------------
A1                                         |A1                                         
A2                                         |A2                                         
A3                                         |A3                                         
B1                                         |B1                                         
VGND                                       |VGND                                       
VNB                                        |VNB                                        
VPB                                        |VPB                                        
VPWR                                       |VPWR                                       
Y                                          |Y                                          
---------------------------------------------------------------------------------------
Cell pin lists are equivalent.
Device classes sky130_fd_sc_hs__a31oi_4 and sky130_fd_sc_hs__a31oi_4 are equivalent.

Cell sky130_fd_sc_hs__nand2_2 (0) disconnected node: A
Cell sky130_fd_sc_hs__nand2_2 (0) disconnected node: B
Cell sky130_fd_sc_hs__nand2_2 (0) disconnected node: VGND
Cell sky130_fd_sc_hs__nand2_2 (0) disconnected node: VNB
Cell sky130_fd_sc_hs__nand2_2 (0) disconnected node: VPB
Cell sky130_fd_sc_hs__nand2_2 (0) disconnected node: VPWR
Cell sky130_fd_sc_hs__nand2_2 (0) disconnected node: Y

Subcircuit pins:
Circuit 1: sky130_fd_sc_hs__nand2_2        |Circuit 2: sky130_fd_sc_hs__nand2_2        
-------------------------------------------|-------------------------------------------
A                                          |A                                          
B                                          |B                                          
VGND                                       |VGND                                       
VNB                                        |VNB                                        
VPB                                        |VPB                                        
VPWR                                       |VPWR                                       
Y                                          |Y                                          
---------------------------------------------------------------------------------------
Cell pin lists are equivalent.
Device classes sky130_fd_sc_hs__nand2_2 and sky130_fd_sc_hs__nand2_2 are equivalent.

Cell sky130_fd_sc_hs__xor2_4 (0) disconnected node: A
Cell sky130_fd_sc_hs__xor2_4 (0) disconnected node: B
Cell sky130_fd_sc_hs__xor2_4 (0) disconnected node: VGND
Cell sky130_fd_sc_hs__xor2_4 (0) disconnected node: VNB
Cell sky130_fd_sc_hs__xor2_4 (0) disconnected node: VPB
Cell sky130_fd_sc_hs__xor2_4 (0) disconnected node: VPWR
Cell sky130_fd_sc_hs__xor2_4 (0) disconnected node: X

Subcircuit pins:
Circuit 1: sky130_fd_sc_hs__xor2_4         |Circuit 2: sky130_fd_sc_hs__xor2_4         
-------------------------------------------|-------------------------------------------
A                                          |A                                          
B                                          |B                                          
VGND                                       |VGND                                       
VNB                                        |VNB                                        
VPB                                        |VPB                                        
VPWR                                       |VPWR                                       
X                                          |X                                          
---------------------------------------------------------------------------------------
Cell pin lists are equivalent.
Device classes sky130_fd_sc_hs__xor2_4 and sky130_fd_sc_hs__xor2_4 are equivalent.

Cell sky130_fd_sc_hs__nand4_1 (0) disconnected node: A
Cell sky130_fd_sc_hs__nand4_1 (0) disconnected node: B
Cell sky130_fd_sc_hs__nand4_1 (0) disconnected node: C
Cell sky130_fd_sc_hs__nand4_1 (0) disconnected node: D
Cell sky130_fd_sc_hs__nand4_1 (0) disconnected node: VGND
Cell sky130_fd_sc_hs__nand4_1 (0) disconnected node: VNB
Cell sky130_fd_sc_hs__nand4_1 (0) disconnected node: VPB
Cell sky130_fd_sc_hs__nand4_1 (0) disconnected node: VPWR
Cell sky130_fd_sc_hs__nand4_1 (0) disconnected node: Y

Subcircuit pins:
Circuit 1: sky130_fd_sc_hs__nand4_1        |Circuit 2: sky130_fd_sc_hs__nand4_1        
-------------------------------------------|-------------------------------------------
A                                          |A                                          
B                                          |B                                          
C                                          |C                                          
D                                          |D                                          
VGND                                       |VGND                                       
VNB                                        |VNB                                        
VPB                                        |VPB                                        
VPWR                                       |VPWR                                       
Y                                          |Y                                          
---------------------------------------------------------------------------------------
Cell pin lists are equivalent.
Device classes sky130_fd_sc_hs__nand4_1 and sky130_fd_sc_hs__nand4_1 are equivalent.

Cell sky130_fd_sc_hs__o21ba_1 (0) disconnected node: A1
Cell sky130_fd_sc_hs__o21ba_1 (0) disconnected node: A2
Cell sky130_fd_sc_hs__o21ba_1 (0) disconnected node: B1_N
Cell sky130_fd_sc_hs__o21ba_1 (0) disconnected node: VGND
Cell sky130_fd_sc_hs__o21ba_1 (0) disconnected node: VNB
Cell sky130_fd_sc_hs__o21ba_1 (0) disconnected node: VPB
Cell sky130_fd_sc_hs__o21ba_1 (0) disconnected node: VPWR
Cell sky130_fd_sc_hs__o21ba_1 (0) disconnected node: X

Subcircuit pins:
Circuit 1: sky130_fd_sc_hs__o21ba_1        |Circuit 2: sky130_fd_sc_hs__o21ba_1        
-------------------------------------------|-------------------------------------------
A1                                         |A1                                         
A2                                         |A2                                         
B1_N                                       |B1_N                                       
VGND                                       |VGND                                       
VNB                                        |VNB                                        
VPB                                        |VPB                                        
VPWR                                       |VPWR                                       
X                                          |X                                          
---------------------------------------------------------------------------------------
Cell pin lists are equivalent.
Device classes sky130_fd_sc_hs__o21ba_1 and sky130_fd_sc_hs__o21ba_1 are equivalent.

Cell sky130_fd_sc_hs__and4b_4 (0) disconnected node: A_N
Cell sky130_fd_sc_hs__and4b_4 (0) disconnected node: B
Cell sky130_fd_sc_hs__and4b_4 (0) disconnected node: C
Cell sky130_fd_sc_hs__and4b_4 (0) disconnected node: D
Cell sky130_fd_sc_hs__and4b_4 (0) disconnected node: VGND
Cell sky130_fd_sc_hs__and4b_4 (0) disconnected node: VNB
Cell sky130_fd_sc_hs__and4b_4 (0) disconnected node: VPB
Cell sky130_fd_sc_hs__and4b_4 (0) disconnected node: VPWR
Cell sky130_fd_sc_hs__and4b_4 (0) disconnected node: X

Subcircuit pins:
Circuit 1: sky130_fd_sc_hs__and4b_4        |Circuit 2: sky130_fd_sc_hs__and4b_4        
-------------------------------------------|-------------------------------------------
A_N                                        |A_N                                        
B                                          |B                                          
C                                          |C                                          
D                                          |D                                          
VGND                                       |VGND                                       
VNB                                        |VNB                                        
VPB                                        |VPB                                        
VPWR                                       |VPWR                                       
X                                          |X                                          
---------------------------------------------------------------------------------------
Cell pin lists are equivalent.
Device classes sky130_fd_sc_hs__and4b_4 and sky130_fd_sc_hs__and4b_4 are equivalent.

Cell sky130_fd_sc_hs__or3_1 (0) disconnected node: A
Cell sky130_fd_sc_hs__or3_1 (0) disconnected node: B
Cell sky130_fd_sc_hs__or3_1 (0) disconnected node: C
Cell sky130_fd_sc_hs__or3_1 (0) disconnected node: VGND
Cell sky130_fd_sc_hs__or3_1 (0) disconnected node: VNB
Cell sky130_fd_sc_hs__or3_1 (0) disconnected node: VPB
Cell sky130_fd_sc_hs__or3_1 (0) disconnected node: VPWR
Cell sky130_fd_sc_hs__or3_1 (0) disconnected node: X

Subcircuit pins:
Circuit 1: sky130_fd_sc_hs__or3_1          |Circuit 2: sky130_fd_sc_hs__or3_1          
-------------------------------------------|-------------------------------------------
A                                          |A                                          
B                                          |B                                          
C                                          |C                                          
VGND                                       |VGND                                       
VNB                                        |VNB                                        
VPB                                        |VPB                                        
VPWR                                       |VPWR                                       
X                                          |X                                          
---------------------------------------------------------------------------------------
Cell pin lists are equivalent.
Device classes sky130_fd_sc_hs__or3_1 and sky130_fd_sc_hs__or3_1 are equivalent.

Cell sky130_fd_sc_hs__nand2_4 (0) disconnected node: A
Cell sky130_fd_sc_hs__nand2_4 (0) disconnected node: B
Cell sky130_fd_sc_hs__nand2_4 (0) disconnected node: VGND
Cell sky130_fd_sc_hs__nand2_4 (0) disconnected node: VNB
Cell sky130_fd_sc_hs__nand2_4 (0) disconnected node: VPB
Cell sky130_fd_sc_hs__nand2_4 (0) disconnected node: VPWR
Cell sky130_fd_sc_hs__nand2_4 (0) disconnected node: Y

Subcircuit pins:
Circuit 1: sky130_fd_sc_hs__nand2_4        |Circuit 2: sky130_fd_sc_hs__nand2_4        
-------------------------------------------|-------------------------------------------
A                                          |A                                          
B                                          |B                                          
VGND                                       |VGND                                       
VNB                                        |VNB                                        
VPB                                        |VPB                                        
VPWR                                       |VPWR                                       
Y                                          |Y                                          
---------------------------------------------------------------------------------------
Cell pin lists are equivalent.
Device classes sky130_fd_sc_hs__nand2_4 and sky130_fd_sc_hs__nand2_4 are equivalent.

Cell sky130_fd_sc_hs__xor2_1 (0) disconnected node: A
Cell sky130_fd_sc_hs__xor2_1 (0) disconnected node: B
Cell sky130_fd_sc_hs__xor2_1 (0) disconnected node: VGND
Cell sky130_fd_sc_hs__xor2_1 (0) disconnected node: VNB
Cell sky130_fd_sc_hs__xor2_1 (0) disconnected node: VPB
Cell sky130_fd_sc_hs__xor2_1 (0) disconnected node: VPWR
Cell sky130_fd_sc_hs__xor2_1 (0) disconnected node: X

Subcircuit pins:
Circuit 1: sky130_fd_sc_hs__xor2_1         |Circuit 2: sky130_fd_sc_hs__xor2_1         
-------------------------------------------|-------------------------------------------
A                                          |A                                          
B                                          |B                                          
VGND                                       |VGND                                       
VNB                                        |VNB                                        
VPB                                        |VPB                                        
VPWR                                       |VPWR                                       
X                                          |X                                          
---------------------------------------------------------------------------------------
Cell pin lists are equivalent.
Device classes sky130_fd_sc_hs__xor2_1 and sky130_fd_sc_hs__xor2_1 are equivalent.

Cell sky130_fd_sc_hs__o32a_2 (0) disconnected node: A1
Cell sky130_fd_sc_hs__o32a_2 (0) disconnected node: A2
Cell sky130_fd_sc_hs__o32a_2 (0) disconnected node: A3
Cell sky130_fd_sc_hs__o32a_2 (0) disconnected node: B1
Cell sky130_fd_sc_hs__o32a_2 (0) disconnected node: B2
Cell sky130_fd_sc_hs__o32a_2 (0) disconnected node: VGND
Cell sky130_fd_sc_hs__o32a_2 (0) disconnected node: VNB
Cell sky130_fd_sc_hs__o32a_2 (0) disconnected node: VPB
Cell sky130_fd_sc_hs__o32a_2 (0) disconnected node: VPWR
Cell sky130_fd_sc_hs__o32a_2 (0) disconnected node: X

Subcircuit pins:
Circuit 1: sky130_fd_sc_hs__o32a_2         |Circuit 2: sky130_fd_sc_hs__o32a_2         
-------------------------------------------|-------------------------------------------
A1                                         |A1                                         
A2                                         |A2                                         
A3                                         |A3                                         
B1                                         |B1                                         
B2                                         |B2                                         
VGND                                       |VGND                                       
VNB                                        |VNB                                        
VPB                                        |VPB                                        
VPWR                                       |VPWR                                       
X                                          |X                                          
---------------------------------------------------------------------------------------
Cell pin lists are equivalent.
Device classes sky130_fd_sc_hs__o32a_2 and sky130_fd_sc_hs__o32a_2 are equivalent.

Cell sky130_fd_sc_hs__o22ai_2 (0) disconnected node: A1
Cell sky130_fd_sc_hs__o22ai_2 (0) disconnected node: A2
Cell sky130_fd_sc_hs__o22ai_2 (0) disconnected node: B1
Cell sky130_fd_sc_hs__o22ai_2 (0) disconnected node: B2
Cell sky130_fd_sc_hs__o22ai_2 (0) disconnected node: VGND
Cell sky130_fd_sc_hs__o22ai_2 (0) disconnected node: VNB
Cell sky130_fd_sc_hs__o22ai_2 (0) disconnected node: VPB
Cell sky130_fd_sc_hs__o22ai_2 (0) disconnected node: VPWR
Cell sky130_fd_sc_hs__o22ai_2 (0) disconnected node: Y

Subcircuit pins:
Circuit 1: sky130_fd_sc_hs__o22ai_2        |Circuit 2: sky130_fd_sc_hs__o22ai_2        
-------------------------------------------|-------------------------------------------
A1                                         |A1                                         
A2                                         |A2                                         
B1                                         |B1                                         
B2                                         |B2                                         
VGND                                       |VGND                                       
VNB                                        |VNB                                        
VPB                                        |VPB                                        
VPWR                                       |VPWR                                       
Y                                          |Y                                          
---------------------------------------------------------------------------------------
Cell pin lists are equivalent.
Device classes sky130_fd_sc_hs__o22ai_2 and sky130_fd_sc_hs__o22ai_2 are equivalent.

Cell sky130_fd_sc_hs__and2_2 (0) disconnected node: A
Cell sky130_fd_sc_hs__and2_2 (0) disconnected node: B
Cell sky130_fd_sc_hs__and2_2 (0) disconnected node: VGND
Cell sky130_fd_sc_hs__and2_2 (0) disconnected node: VNB
Cell sky130_fd_sc_hs__and2_2 (0) disconnected node: VPB
Cell sky130_fd_sc_hs__and2_2 (0) disconnected node: VPWR
Cell sky130_fd_sc_hs__and2_2 (0) disconnected node: X

Subcircuit pins:
Circuit 1: sky130_fd_sc_hs__and2_2         |Circuit 2: sky130_fd_sc_hs__and2_2         
-------------------------------------------|-------------------------------------------
A                                          |A                                          
B                                          |B                                          
VGND                                       |VGND                                       
VNB                                        |VNB                                        
VPB                                        |VPB                                        
VPWR                                       |VPWR                                       
X                                          |X                                          
---------------------------------------------------------------------------------------
Cell pin lists are equivalent.
Device classes sky130_fd_sc_hs__and2_2 and sky130_fd_sc_hs__and2_2 are equivalent.

Cell sky130_fd_sc_hs__nor4_2 (0) disconnected node: A
Cell sky130_fd_sc_hs__nor4_2 (0) disconnected node: B
Cell sky130_fd_sc_hs__nor4_2 (0) disconnected node: C
Cell sky130_fd_sc_hs__nor4_2 (0) disconnected node: D
Cell sky130_fd_sc_hs__nor4_2 (0) disconnected node: VGND
Cell sky130_fd_sc_hs__nor4_2 (0) disconnected node: VNB
Cell sky130_fd_sc_hs__nor4_2 (0) disconnected node: VPB
Cell sky130_fd_sc_hs__nor4_2 (0) disconnected node: VPWR
Cell sky130_fd_sc_hs__nor4_2 (0) disconnected node: Y

Subcircuit pins:
Circuit 1: sky130_fd_sc_hs__nor4_2         |Circuit 2: sky130_fd_sc_hs__nor4_2         
-------------------------------------------|-------------------------------------------
A                                          |A                                          
B                                          |B                                          
C                                          |C                                          
D                                          |D                                          
VGND                                       |VGND                                       
VNB                                        |VNB                                        
VPB                                        |VPB                                        
VPWR                                       |VPWR                                       
Y                                          |Y                                          
---------------------------------------------------------------------------------------
Cell pin lists are equivalent.
Device classes sky130_fd_sc_hs__nor4_2 and sky130_fd_sc_hs__nor4_2 are equivalent.

Cell sky130_fd_sc_hs__a211oi_1 (0) disconnected node: A1
Cell sky130_fd_sc_hs__a211oi_1 (0) disconnected node: A2
Cell sky130_fd_sc_hs__a211oi_1 (0) disconnected node: B1
Cell sky130_fd_sc_hs__a211oi_1 (0) disconnected node: C1
Cell sky130_fd_sc_hs__a211oi_1 (0) disconnected node: VGND
Cell sky130_fd_sc_hs__a211oi_1 (0) disconnected node: VNB
Cell sky130_fd_sc_hs__a211oi_1 (0) disconnected node: VPB
Cell sky130_fd_sc_hs__a211oi_1 (0) disconnected node: VPWR
Cell sky130_fd_sc_hs__a211oi_1 (0) disconnected node: Y

Subcircuit pins:
Circuit 1: sky130_fd_sc_hs__a211oi_1       |Circuit 2: sky130_fd_sc_hs__a211oi_1       
-------------------------------------------|-------------------------------------------
A1                                         |A1                                         
A2                                         |A2                                         
B1                                         |B1                                         
C1                                         |C1                                         
VGND                                       |VGND                                       
VNB                                        |VNB                                        
VPB                                        |VPB                                        
VPWR                                       |VPWR                                       
Y                                          |Y                                          
---------------------------------------------------------------------------------------
Cell pin lists are equivalent.
Device classes sky130_fd_sc_hs__a211oi_1 and sky130_fd_sc_hs__a211oi_1 are equivalent.

Cell sky130_fd_sc_hs__o31a_4 (0) disconnected node: A1
Cell sky130_fd_sc_hs__o31a_4 (0) disconnected node: A2
Cell sky130_fd_sc_hs__o31a_4 (0) disconnected node: A3
Cell sky130_fd_sc_hs__o31a_4 (0) disconnected node: B1
Cell sky130_fd_sc_hs__o31a_4 (0) disconnected node: VGND
Cell sky130_fd_sc_hs__o31a_4 (0) disconnected node: VNB
Cell sky130_fd_sc_hs__o31a_4 (0) disconnected node: VPB
Cell sky130_fd_sc_hs__o31a_4 (0) disconnected node: VPWR
Cell sky130_fd_sc_hs__o31a_4 (0) disconnected node: X

Subcircuit pins:
Circuit 1: sky130_fd_sc_hs__o31a_4         |Circuit 2: sky130_fd_sc_hs__o31a_4         
-------------------------------------------|-------------------------------------------
A1                                         |A1                                         
A2                                         |A2                                         
A3                                         |A3                                         
B1                                         |B1                                         
VGND                                       |VGND                                       
VNB                                        |VNB                                        
VPB                                        |VPB                                        
VPWR                                       |VPWR                                       
X                                          |X                                          
---------------------------------------------------------------------------------------
Cell pin lists are equivalent.
Device classes sky130_fd_sc_hs__o31a_4 and sky130_fd_sc_hs__o31a_4 are equivalent.

Cell sky130_fd_sc_hs__a2bb2oi_1 (0) disconnected node: A1_N
Cell sky130_fd_sc_hs__a2bb2oi_1 (0) disconnected node: A2_N
Cell sky130_fd_sc_hs__a2bb2oi_1 (0) disconnected node: B1
Cell sky130_fd_sc_hs__a2bb2oi_1 (0) disconnected node: B2
Cell sky130_fd_sc_hs__a2bb2oi_1 (0) disconnected node: VGND
Cell sky130_fd_sc_hs__a2bb2oi_1 (0) disconnected node: VNB
Cell sky130_fd_sc_hs__a2bb2oi_1 (0) disconnected node: VPB
Cell sky130_fd_sc_hs__a2bb2oi_1 (0) disconnected node: VPWR
Cell sky130_fd_sc_hs__a2bb2oi_1 (0) disconnected node: Y

Subcircuit pins:
Circuit 1: sky130_fd_sc_hs__a2bb2oi_1      |Circuit 2: sky130_fd_sc_hs__a2bb2oi_1      
-------------------------------------------|-------------------------------------------
A1_N                                       |A1_N                                       
A2_N                                       |A2_N                                       
B1                                         |B1                                         
B2                                         |B2                                         
VGND                                       |VGND                                       
VNB                                        |VNB                                        
VPB                                        |VPB                                        
VPWR                                       |VPWR                                       
Y                                          |Y                                          
---------------------------------------------------------------------------------------
Cell pin lists are equivalent.
Device classes sky130_fd_sc_hs__a2bb2oi_1 and sky130_fd_sc_hs__a2bb2oi_1 are equivalent.

Cell sky130_fd_sc_hs__a2111o_2 (0) disconnected node: A1
Cell sky130_fd_sc_hs__a2111o_2 (0) disconnected node: A2
Cell sky130_fd_sc_hs__a2111o_2 (0) disconnected node: B1
Cell sky130_fd_sc_hs__a2111o_2 (0) disconnected node: C1
Cell sky130_fd_sc_hs__a2111o_2 (0) disconnected node: D1
Cell sky130_fd_sc_hs__a2111o_2 (0) disconnected node: VGND
Cell sky130_fd_sc_hs__a2111o_2 (0) disconnected node: VNB
Cell sky130_fd_sc_hs__a2111o_2 (0) disconnected node: VPB
Cell sky130_fd_sc_hs__a2111o_2 (0) disconnected node: VPWR
Cell sky130_fd_sc_hs__a2111o_2 (0) disconnected node: X

Subcircuit pins:
Circuit 1: sky130_fd_sc_hs__a2111o_2       |Circuit 2: sky130_fd_sc_hs__a2111o_2       
-------------------------------------------|-------------------------------------------
A1                                         |A1                                         
A2                                         |A2                                         
B1                                         |B1                                         
C1                                         |C1                                         
D1                                         |D1                                         
VGND                                       |VGND                                       
VNB                                        |VNB                                        
VPB                                        |VPB                                        
VPWR                                       |VPWR                                       
X                                          |X                                          
---------------------------------------------------------------------------------------
Cell pin lists are equivalent.
Device classes sky130_fd_sc_hs__a2111o_2 and sky130_fd_sc_hs__a2111o_2 are equivalent.

Cell sky130_fd_sc_hs__a221o_2 (0) disconnected node: A1
Cell sky130_fd_sc_hs__a221o_2 (0) disconnected node: A2
Cell sky130_fd_sc_hs__a221o_2 (0) disconnected node: B1
Cell sky130_fd_sc_hs__a221o_2 (0) disconnected node: B2
Cell sky130_fd_sc_hs__a221o_2 (0) disconnected node: C1
Cell sky130_fd_sc_hs__a221o_2 (0) disconnected node: VGND
Cell sky130_fd_sc_hs__a221o_2 (0) disconnected node: VNB
Cell sky130_fd_sc_hs__a221o_2 (0) disconnected node: VPB
Cell sky130_fd_sc_hs__a221o_2 (0) disconnected node: VPWR
Cell sky130_fd_sc_hs__a221o_2 (0) disconnected node: X

Subcircuit pins:
Circuit 1: sky130_fd_sc_hs__a221o_2        |Circuit 2: sky130_fd_sc_hs__a221o_2        
-------------------------------------------|-------------------------------------------
A1                                         |A1                                         
A2                                         |A2                                         
B1                                         |B1                                         
B2                                         |B2                                         
C1                                         |C1                                         
VGND                                       |VGND                                       
VNB                                        |VNB                                        
VPB                                        |VPB                                        
VPWR                                       |VPWR                                       
X                                          |X                                          
---------------------------------------------------------------------------------------
Cell pin lists are equivalent.
Device classes sky130_fd_sc_hs__a221o_2 and sky130_fd_sc_hs__a221o_2 are equivalent.

Cell sky130_fd_sc_hs__nand4b_1 (0) disconnected node: A_N
Cell sky130_fd_sc_hs__nand4b_1 (0) disconnected node: B
Cell sky130_fd_sc_hs__nand4b_1 (0) disconnected node: C
Cell sky130_fd_sc_hs__nand4b_1 (0) disconnected node: D
Cell sky130_fd_sc_hs__nand4b_1 (0) disconnected node: VGND
Cell sky130_fd_sc_hs__nand4b_1 (0) disconnected node: VNB
Cell sky130_fd_sc_hs__nand4b_1 (0) disconnected node: VPB
Cell sky130_fd_sc_hs__nand4b_1 (0) disconnected node: VPWR
Cell sky130_fd_sc_hs__nand4b_1 (0) disconnected node: Y

Subcircuit pins:
Circuit 1: sky130_fd_sc_hs__nand4b_1       |Circuit 2: sky130_fd_sc_hs__nand4b_1       
-------------------------------------------|-------------------------------------------
A_N                                        |A_N                                        
B                                          |B                                          
C                                          |C                                          
D                                          |D                                          
VGND                                       |VGND                                       
VNB                                        |VNB                                        
VPB                                        |VPB                                        
VPWR                                       |VPWR                                       
Y                                          |Y                                          
---------------------------------------------------------------------------------------
Cell pin lists are equivalent.
Device classes sky130_fd_sc_hs__nand4b_1 and sky130_fd_sc_hs__nand4b_1 are equivalent.

Cell sky130_fd_sc_hs__o2bb2ai_1 (0) disconnected node: A1_N
Cell sky130_fd_sc_hs__o2bb2ai_1 (0) disconnected node: A2_N
Cell sky130_fd_sc_hs__o2bb2ai_1 (0) disconnected node: B1
Cell sky130_fd_sc_hs__o2bb2ai_1 (0) disconnected node: B2
Cell sky130_fd_sc_hs__o2bb2ai_1 (0) disconnected node: VGND
Cell sky130_fd_sc_hs__o2bb2ai_1 (0) disconnected node: VNB
Cell sky130_fd_sc_hs__o2bb2ai_1 (0) disconnected node: VPB
Cell sky130_fd_sc_hs__o2bb2ai_1 (0) disconnected node: VPWR
Cell sky130_fd_sc_hs__o2bb2ai_1 (0) disconnected node: Y

Subcircuit pins:
Circuit 1: sky130_fd_sc_hs__o2bb2ai_1      |Circuit 2: sky130_fd_sc_hs__o2bb2ai_1      
-------------------------------------------|-------------------------------------------
A1_N                                       |A1_N                                       
A2_N                                       |A2_N                                       
B1                                         |B1                                         
B2                                         |B2                                         
VGND                                       |VGND                                       
VNB                                        |VNB                                        
VPB                                        |VPB                                        
VPWR                                       |VPWR                                       
Y                                          |Y                                          
---------------------------------------------------------------------------------------
Cell pin lists are equivalent.
Device classes sky130_fd_sc_hs__o2bb2ai_1 and sky130_fd_sc_hs__o2bb2ai_1 are equivalent.

Cell sky130_fd_sc_hs__mux2_2 (0) disconnected node: A0
Cell sky130_fd_sc_hs__mux2_2 (0) disconnected node: A1
Cell sky130_fd_sc_hs__mux2_2 (0) disconnected node: S
Cell sky130_fd_sc_hs__mux2_2 (0) disconnected node: VGND
Cell sky130_fd_sc_hs__mux2_2 (0) disconnected node: VNB
Cell sky130_fd_sc_hs__mux2_2 (0) disconnected node: VPB
Cell sky130_fd_sc_hs__mux2_2 (0) disconnected node: VPWR
Cell sky130_fd_sc_hs__mux2_2 (0) disconnected node: X

Subcircuit pins:
Circuit 1: sky130_fd_sc_hs__mux2_2         |Circuit 2: sky130_fd_sc_hs__mux2_2         
-------------------------------------------|-------------------------------------------
A0                                         |A0                                         
A1                                         |A1                                         
S                                          |S                                          
VGND                                       |VGND                                       
VNB                                        |VNB                                        
VPB                                        |VPB                                        
VPWR                                       |VPWR                                       
X                                          |X                                          
---------------------------------------------------------------------------------------
Cell pin lists are equivalent.
Device classes sky130_fd_sc_hs__mux2_2 and sky130_fd_sc_hs__mux2_2 are equivalent.

Cell sky130_fd_sc_hs__a2bb2o_1 (0) disconnected node: A1_N
Cell sky130_fd_sc_hs__a2bb2o_1 (0) disconnected node: A2_N
Cell sky130_fd_sc_hs__a2bb2o_1 (0) disconnected node: B1
Cell sky130_fd_sc_hs__a2bb2o_1 (0) disconnected node: B2
Cell sky130_fd_sc_hs__a2bb2o_1 (0) disconnected node: VGND
Cell sky130_fd_sc_hs__a2bb2o_1 (0) disconnected node: VNB
Cell sky130_fd_sc_hs__a2bb2o_1 (0) disconnected node: VPB
Cell sky130_fd_sc_hs__a2bb2o_1 (0) disconnected node: VPWR
Cell sky130_fd_sc_hs__a2bb2o_1 (0) disconnected node: X

Subcircuit pins:
Circuit 1: sky130_fd_sc_hs__a2bb2o_1       |Circuit 2: sky130_fd_sc_hs__a2bb2o_1       
-------------------------------------------|-------------------------------------------
A1_N                                       |A1_N                                       
A2_N                                       |A2_N                                       
B1                                         |B1                                         
B2                                         |B2                                         
VGND                                       |VGND                                       
VNB                                        |VNB                                        
VPB                                        |VPB                                        
VPWR                                       |VPWR                                       
X                                          |X                                          
---------------------------------------------------------------------------------------
Cell pin lists are equivalent.
Device classes sky130_fd_sc_hs__a2bb2o_1 and sky130_fd_sc_hs__a2bb2o_1 are equivalent.

Cell sky130_fd_sc_hs__clkbuf_1 (0) disconnected node: A
Cell sky130_fd_sc_hs__clkbuf_1 (0) disconnected node: VGND
Cell sky130_fd_sc_hs__clkbuf_1 (0) disconnected node: VNB
Cell sky130_fd_sc_hs__clkbuf_1 (0) disconnected node: VPB
Cell sky130_fd_sc_hs__clkbuf_1 (0) disconnected node: VPWR
Cell sky130_fd_sc_hs__clkbuf_1 (0) disconnected node: X

Subcircuit pins:
Circuit 1: sky130_fd_sc_hs__clkbuf_1       |Circuit 2: sky130_fd_sc_hs__clkbuf_1       
-------------------------------------------|-------------------------------------------
A                                          |A                                          
VGND                                       |VGND                                       
VNB                                        |VNB                                        
VPB                                        |VPB                                        
VPWR                                       |VPWR                                       
X                                          |X                                          
---------------------------------------------------------------------------------------
Cell pin lists are equivalent.
Device classes sky130_fd_sc_hs__clkbuf_1 and sky130_fd_sc_hs__clkbuf_1 are equivalent.

Cell sky130_fd_sc_hs__o41a_1 (0) disconnected node: A1
Cell sky130_fd_sc_hs__o41a_1 (0) disconnected node: A2
Cell sky130_fd_sc_hs__o41a_1 (0) disconnected node: A3
Cell sky130_fd_sc_hs__o41a_1 (0) disconnected node: A4
Cell sky130_fd_sc_hs__o41a_1 (0) disconnected node: B1
Cell sky130_fd_sc_hs__o41a_1 (0) disconnected node: VGND
Cell sky130_fd_sc_hs__o41a_1 (0) disconnected node: VNB
Cell sky130_fd_sc_hs__o41a_1 (0) disconnected node: VPB
Cell sky130_fd_sc_hs__o41a_1 (0) disconnected node: VPWR
Cell sky130_fd_sc_hs__o41a_1 (0) disconnected node: X

Subcircuit pins:
Circuit 1: sky130_fd_sc_hs__o41a_1         |Circuit 2: sky130_fd_sc_hs__o41a_1         
-------------------------------------------|-------------------------------------------
A1                                         |A1                                         
A2                                         |A2                                         
A3                                         |A3                                         
A4                                         |A4                                         
B1                                         |B1                                         
VGND                                       |VGND                                       
VNB                                        |VNB                                        
VPB                                        |VPB                                        
VPWR                                       |VPWR                                       
X                                          |X                                          
---------------------------------------------------------------------------------------
Cell pin lists are equivalent.
Device classes sky130_fd_sc_hs__o41a_1 and sky130_fd_sc_hs__o41a_1 are equivalent.

Cell sky130_fd_sc_hs__buf_1 (0) disconnected node: A
Cell sky130_fd_sc_hs__buf_1 (0) disconnected node: VGND
Cell sky130_fd_sc_hs__buf_1 (0) disconnected node: VNB
Cell sky130_fd_sc_hs__buf_1 (0) disconnected node: VPB
Cell sky130_fd_sc_hs__buf_1 (0) disconnected node: VPWR
Cell sky130_fd_sc_hs__buf_1 (0) disconnected node: X

Subcircuit pins:
Circuit 1: sky130_fd_sc_hs__buf_1          |Circuit 2: sky130_fd_sc_hs__buf_1          
-------------------------------------------|-------------------------------------------
A                                          |A                                          
VGND                                       |VGND                                       
VNB                                        |VNB                                        
VPB                                        |VPB                                        
VPWR                                       |VPWR                                       
X                                          |X                                          
---------------------------------------------------------------------------------------
Cell pin lists are equivalent.
Device classes sky130_fd_sc_hs__buf_1 and sky130_fd_sc_hs__buf_1 are equivalent.

Cell sky130_fd_sc_hs__nand3_2 (0) disconnected node: A
Cell sky130_fd_sc_hs__nand3_2 (0) disconnected node: B
Cell sky130_fd_sc_hs__nand3_2 (0) disconnected node: C
Cell sky130_fd_sc_hs__nand3_2 (0) disconnected node: VGND
Cell sky130_fd_sc_hs__nand3_2 (0) disconnected node: VNB
Cell sky130_fd_sc_hs__nand3_2 (0) disconnected node: VPB
Cell sky130_fd_sc_hs__nand3_2 (0) disconnected node: VPWR
Cell sky130_fd_sc_hs__nand3_2 (0) disconnected node: Y

Subcircuit pins:
Circuit 1: sky130_fd_sc_hs__nand3_2        |Circuit 2: sky130_fd_sc_hs__nand3_2        
-------------------------------------------|-------------------------------------------
A                                          |A                                          
B                                          |B                                          
C                                          |C                                          
VGND                                       |VGND                                       
VNB                                        |VNB                                        
VPB                                        |VPB                                        
VPWR                                       |VPWR                                       
Y                                          |Y                                          
---------------------------------------------------------------------------------------
Cell pin lists are equivalent.
Device classes sky130_fd_sc_hs__nand3_2 and sky130_fd_sc_hs__nand3_2 are equivalent.

Cell sky130_fd_sc_hs__and4b_1 (0) disconnected node: A_N
Cell sky130_fd_sc_hs__and4b_1 (0) disconnected node: B
Cell sky130_fd_sc_hs__and4b_1 (0) disconnected node: C
Cell sky130_fd_sc_hs__and4b_1 (0) disconnected node: D
Cell sky130_fd_sc_hs__and4b_1 (0) disconnected node: VGND
Cell sky130_fd_sc_hs__and4b_1 (0) disconnected node: VNB
Cell sky130_fd_sc_hs__and4b_1 (0) disconnected node: VPB
Cell sky130_fd_sc_hs__and4b_1 (0) disconnected node: VPWR
Cell sky130_fd_sc_hs__and4b_1 (0) disconnected node: X

Subcircuit pins:
Circuit 1: sky130_fd_sc_hs__and4b_1        |Circuit 2: sky130_fd_sc_hs__and4b_1        
-------------------------------------------|-------------------------------------------
A_N                                        |A_N                                        
B                                          |B                                          
C                                          |C                                          
D                                          |D                                          
VGND                                       |VGND                                       
VNB                                        |VNB                                        
VPB                                        |VPB                                        
VPWR                                       |VPWR                                       
X                                          |X                                          
---------------------------------------------------------------------------------------
Cell pin lists are equivalent.
Device classes sky130_fd_sc_hs__and4b_1 and sky130_fd_sc_hs__and4b_1 are equivalent.

Cell sky130_fd_sc_hs__o31ai_2 (0) disconnected node: A1
Cell sky130_fd_sc_hs__o31ai_2 (0) disconnected node: A2
Cell sky130_fd_sc_hs__o31ai_2 (0) disconnected node: A3
Cell sky130_fd_sc_hs__o31ai_2 (0) disconnected node: B1
Cell sky130_fd_sc_hs__o31ai_2 (0) disconnected node: VGND
Cell sky130_fd_sc_hs__o31ai_2 (0) disconnected node: VNB
Cell sky130_fd_sc_hs__o31ai_2 (0) disconnected node: VPB
Cell sky130_fd_sc_hs__o31ai_2 (0) disconnected node: VPWR
Cell sky130_fd_sc_hs__o31ai_2 (0) disconnected node: Y

Subcircuit pins:
Circuit 1: sky130_fd_sc_hs__o31ai_2        |Circuit 2: sky130_fd_sc_hs__o31ai_2        
-------------------------------------------|-------------------------------------------
A1                                         |A1                                         
A2                                         |A2                                         
A3                                         |A3                                         
B1                                         |B1                                         
VGND                                       |VGND                                       
VNB                                        |VNB                                        
VPB                                        |VPB                                        
VPWR                                       |VPWR                                       
Y                                          |Y                                          
---------------------------------------------------------------------------------------
Cell pin lists are equivalent.
Device classes sky130_fd_sc_hs__o31ai_2 and sky130_fd_sc_hs__o31ai_2 are equivalent.

Cell sky130_fd_sc_hs__nor3_2 (0) disconnected node: A
Cell sky130_fd_sc_hs__nor3_2 (0) disconnected node: B
Cell sky130_fd_sc_hs__nor3_2 (0) disconnected node: C
Cell sky130_fd_sc_hs__nor3_2 (0) disconnected node: VGND
Cell sky130_fd_sc_hs__nor3_2 (0) disconnected node: VNB
Cell sky130_fd_sc_hs__nor3_2 (0) disconnected node: VPB
Cell sky130_fd_sc_hs__nor3_2 (0) disconnected node: VPWR
Cell sky130_fd_sc_hs__nor3_2 (0) disconnected node: Y

Subcircuit pins:
Circuit 1: sky130_fd_sc_hs__nor3_2         |Circuit 2: sky130_fd_sc_hs__nor3_2         
-------------------------------------------|-------------------------------------------
A                                          |A                                          
B                                          |B                                          
C                                          |C                                          
VGND                                       |VGND                                       
VNB                                        |VNB                                        
VPB                                        |VPB                                        
VPWR                                       |VPWR                                       
Y                                          |Y                                          
---------------------------------------------------------------------------------------
Cell pin lists are equivalent.
Device classes sky130_fd_sc_hs__nor3_2 and sky130_fd_sc_hs__nor3_2 are equivalent.

Cell sky130_fd_sc_hs__a221oi_4 (0) disconnected node: A1
Cell sky130_fd_sc_hs__a221oi_4 (0) disconnected node: A2
Cell sky130_fd_sc_hs__a221oi_4 (0) disconnected node: B1
Cell sky130_fd_sc_hs__a221oi_4 (0) disconnected node: B2
Cell sky130_fd_sc_hs__a221oi_4 (0) disconnected node: C1
Cell sky130_fd_sc_hs__a221oi_4 (0) disconnected node: VGND
Cell sky130_fd_sc_hs__a221oi_4 (0) disconnected node: VNB
Cell sky130_fd_sc_hs__a221oi_4 (0) disconnected node: VPB
Cell sky130_fd_sc_hs__a221oi_4 (0) disconnected node: VPWR
Cell sky130_fd_sc_hs__a221oi_4 (0) disconnected node: Y

Subcircuit pins:
Circuit 1: sky130_fd_sc_hs__a221oi_4       |Circuit 2: sky130_fd_sc_hs__a221oi_4       
-------------------------------------------|-------------------------------------------
A1                                         |A1                                         
A2                                         |A2                                         
B1                                         |B1                                         
B2                                         |B2                                         
C1                                         |C1                                         
VGND                                       |VGND                                       
VNB                                        |VNB                                        
VPB                                        |VPB                                        
VPWR                                       |VPWR                                       
Y                                          |Y                                          
---------------------------------------------------------------------------------------
Cell pin lists are equivalent.
Device classes sky130_fd_sc_hs__a221oi_4 and sky130_fd_sc_hs__a221oi_4 are equivalent.

Cell sky130_fd_sc_hs__xnor2_2 (0) disconnected node: A
Cell sky130_fd_sc_hs__xnor2_2 (0) disconnected node: B
Cell sky130_fd_sc_hs__xnor2_2 (0) disconnected node: VGND
Cell sky130_fd_sc_hs__xnor2_2 (0) disconnected node: VNB
Cell sky130_fd_sc_hs__xnor2_2 (0) disconnected node: VPB
Cell sky130_fd_sc_hs__xnor2_2 (0) disconnected node: VPWR
Cell sky130_fd_sc_hs__xnor2_2 (0) disconnected node: Y

Subcircuit pins:
Circuit 1: sky130_fd_sc_hs__xnor2_2        |Circuit 2: sky130_fd_sc_hs__xnor2_2        
-------------------------------------------|-------------------------------------------
A                                          |A                                          
B                                          |B                                          
VGND                                       |VGND                                       
VNB                                        |VNB                                        
VPB                                        |VPB                                        
VPWR                                       |VPWR                                       
Y                                          |Y                                          
---------------------------------------------------------------------------------------
Cell pin lists are equivalent.
Device classes sky130_fd_sc_hs__xnor2_2 and sky130_fd_sc_hs__xnor2_2 are equivalent.

Cell sky130_fd_sc_hs__o211ai_1 (0) disconnected node: A1
Cell sky130_fd_sc_hs__o211ai_1 (0) disconnected node: A2
Cell sky130_fd_sc_hs__o211ai_1 (0) disconnected node: B1
Cell sky130_fd_sc_hs__o211ai_1 (0) disconnected node: C1
Cell sky130_fd_sc_hs__o211ai_1 (0) disconnected node: VGND
Cell sky130_fd_sc_hs__o211ai_1 (0) disconnected node: VNB
Cell sky130_fd_sc_hs__o211ai_1 (0) disconnected node: VPB
Cell sky130_fd_sc_hs__o211ai_1 (0) disconnected node: VPWR
Cell sky130_fd_sc_hs__o211ai_1 (0) disconnected node: Y

Subcircuit pins:
Circuit 1: sky130_fd_sc_hs__o211ai_1       |Circuit 2: sky130_fd_sc_hs__o211ai_1       
-------------------------------------------|-------------------------------------------
A1                                         |A1                                         
A2                                         |A2                                         
B1                                         |B1                                         
C1                                         |C1                                         
VGND                                       |VGND                                       
VNB                                        |VNB                                        
VPB                                        |VPB                                        
VPWR                                       |VPWR                                       
Y                                          |Y                                          
---------------------------------------------------------------------------------------
Cell pin lists are equivalent.
Device classes sky130_fd_sc_hs__o211ai_1 and sky130_fd_sc_hs__o211ai_1 are equivalent.

Cell sky130_fd_sc_hs__o211ai_4 (0) disconnected node: A1
Cell sky130_fd_sc_hs__o211ai_4 (0) disconnected node: A2
Cell sky130_fd_sc_hs__o211ai_4 (0) disconnected node: B1
Cell sky130_fd_sc_hs__o211ai_4 (0) disconnected node: C1
Cell sky130_fd_sc_hs__o211ai_4 (0) disconnected node: VGND
Cell sky130_fd_sc_hs__o211ai_4 (0) disconnected node: VNB
Cell sky130_fd_sc_hs__o211ai_4 (0) disconnected node: VPB
Cell sky130_fd_sc_hs__o211ai_4 (0) disconnected node: VPWR
Cell sky130_fd_sc_hs__o211ai_4 (0) disconnected node: Y

Subcircuit pins:
Circuit 1: sky130_fd_sc_hs__o211ai_4       |Circuit 2: sky130_fd_sc_hs__o211ai_4       
-------------------------------------------|-------------------------------------------
A1                                         |A1                                         
A2                                         |A2                                         
B1                                         |B1                                         
C1                                         |C1                                         
VGND                                       |VGND                                       
VNB                                        |VNB                                        
VPB                                        |VPB                                        
VPWR                                       |VPWR                                       
Y                                          |Y                                          
---------------------------------------------------------------------------------------
Cell pin lists are equivalent.
Device classes sky130_fd_sc_hs__o211ai_4 and sky130_fd_sc_hs__o211ai_4 are equivalent.

Cell sky130_fd_sc_hs__or4_2 (0) disconnected node: A
Cell sky130_fd_sc_hs__or4_2 (0) disconnected node: B
Cell sky130_fd_sc_hs__or4_2 (0) disconnected node: C
Cell sky130_fd_sc_hs__or4_2 (0) disconnected node: D
Cell sky130_fd_sc_hs__or4_2 (0) disconnected node: VGND
Cell sky130_fd_sc_hs__or4_2 (0) disconnected node: VNB
Cell sky130_fd_sc_hs__or4_2 (0) disconnected node: VPB
Cell sky130_fd_sc_hs__or4_2 (0) disconnected node: VPWR
Cell sky130_fd_sc_hs__or4_2 (0) disconnected node: X

Subcircuit pins:
Circuit 1: sky130_fd_sc_hs__or4_2          |Circuit 2: sky130_fd_sc_hs__or4_2          
-------------------------------------------|-------------------------------------------
A                                          |A                                          
B                                          |B                                          
C                                          |C                                          
D                                          |D                                          
VGND                                       |VGND                                       
VNB                                        |VNB                                        
VPB                                        |VPB                                        
VPWR                                       |VPWR                                       
X                                          |X                                          
---------------------------------------------------------------------------------------
Cell pin lists are equivalent.
Device classes sky130_fd_sc_hs__or4_2 and sky130_fd_sc_hs__or4_2 are equivalent.

Cell sky130_fd_sc_hs__a21boi_1 (0) disconnected node: A1
Cell sky130_fd_sc_hs__a21boi_1 (0) disconnected node: A2
Cell sky130_fd_sc_hs__a21boi_1 (0) disconnected node: B1_N
Cell sky130_fd_sc_hs__a21boi_1 (0) disconnected node: VGND
Cell sky130_fd_sc_hs__a21boi_1 (0) disconnected node: VNB
Cell sky130_fd_sc_hs__a21boi_1 (0) disconnected node: VPB
Cell sky130_fd_sc_hs__a21boi_1 (0) disconnected node: VPWR
Cell sky130_fd_sc_hs__a21boi_1 (0) disconnected node: Y

Subcircuit pins:
Circuit 1: sky130_fd_sc_hs__a21boi_1       |Circuit 2: sky130_fd_sc_hs__a21boi_1       
-------------------------------------------|-------------------------------------------
A1                                         |A1                                         
A2                                         |A2                                         
B1_N                                       |B1_N                                       
VGND                                       |VGND                                       
VNB                                        |VNB                                        
VPB                                        |VPB                                        
VPWR                                       |VPWR                                       
Y                                          |Y                                          
---------------------------------------------------------------------------------------
Cell pin lists are equivalent.
Device classes sky130_fd_sc_hs__a21boi_1 and sky130_fd_sc_hs__a21boi_1 are equivalent.

Cell sky130_fd_sc_hs__a2111oi_2 (0) disconnected node: A1
Cell sky130_fd_sc_hs__a2111oi_2 (0) disconnected node: A2
Cell sky130_fd_sc_hs__a2111oi_2 (0) disconnected node: B1
Cell sky130_fd_sc_hs__a2111oi_2 (0) disconnected node: C1
Cell sky130_fd_sc_hs__a2111oi_2 (0) disconnected node: D1
Cell sky130_fd_sc_hs__a2111oi_2 (0) disconnected node: VGND
Cell sky130_fd_sc_hs__a2111oi_2 (0) disconnected node: VNB
Cell sky130_fd_sc_hs__a2111oi_2 (0) disconnected node: VPB
Cell sky130_fd_sc_hs__a2111oi_2 (0) disconnected node: VPWR
Cell sky130_fd_sc_hs__a2111oi_2 (0) disconnected node: Y

Subcircuit pins:
Circuit 1: sky130_fd_sc_hs__a2111oi_2      |Circuit 2: sky130_fd_sc_hs__a2111oi_2      
-------------------------------------------|-------------------------------------------
A1                                         |A1                                         
A2                                         |A2                                         
B1                                         |B1                                         
C1                                         |C1                                         
D1                                         |D1                                         
VGND                                       |VGND                                       
VNB                                        |VNB                                        
VPB                                        |VPB                                        
VPWR                                       |VPWR                                       
Y                                          |Y                                          
---------------------------------------------------------------------------------------
Cell pin lists are equivalent.
Device classes sky130_fd_sc_hs__a2111oi_2 and sky130_fd_sc_hs__a2111oi_2 are equivalent.

Cell sky130_fd_sc_hs__o21a_1 (0) disconnected node: A1
Cell sky130_fd_sc_hs__o21a_1 (0) disconnected node: A2
Cell sky130_fd_sc_hs__o21a_1 (0) disconnected node: B1
Cell sky130_fd_sc_hs__o21a_1 (0) disconnected node: VGND
Cell sky130_fd_sc_hs__o21a_1 (0) disconnected node: VNB
Cell sky130_fd_sc_hs__o21a_1 (0) disconnected node: VPB
Cell sky130_fd_sc_hs__o21a_1 (0) disconnected node: VPWR
Cell sky130_fd_sc_hs__o21a_1 (0) disconnected node: X

Subcircuit pins:
Circuit 1: sky130_fd_sc_hs__o21a_1         |Circuit 2: sky130_fd_sc_hs__o21a_1         
-------------------------------------------|-------------------------------------------
A1                                         |A1                                         
A2                                         |A2                                         
B1                                         |B1                                         
VGND                                       |VGND                                       
VNB                                        |VNB                                        
VPB                                        |VPB                                        
VPWR                                       |VPWR                                       
X                                          |X                                          
---------------------------------------------------------------------------------------
Cell pin lists are equivalent.
Device classes sky130_fd_sc_hs__o21a_1 and sky130_fd_sc_hs__o21a_1 are equivalent.

Cell sky130_fd_sc_hs__a221oi_2 (0) disconnected node: A1
Cell sky130_fd_sc_hs__a221oi_2 (0) disconnected node: A2
Cell sky130_fd_sc_hs__a221oi_2 (0) disconnected node: B1
Cell sky130_fd_sc_hs__a221oi_2 (0) disconnected node: B2
Cell sky130_fd_sc_hs__a221oi_2 (0) disconnected node: C1
Cell sky130_fd_sc_hs__a221oi_2 (0) disconnected node: VGND
Cell sky130_fd_sc_hs__a221oi_2 (0) disconnected node: VNB
Cell sky130_fd_sc_hs__a221oi_2 (0) disconnected node: VPB
Cell sky130_fd_sc_hs__a221oi_2 (0) disconnected node: VPWR
Cell sky130_fd_sc_hs__a221oi_2 (0) disconnected node: Y

Subcircuit pins:
Circuit 1: sky130_fd_sc_hs__a221oi_2       |Circuit 2: sky130_fd_sc_hs__a221oi_2       
-------------------------------------------|-------------------------------------------
A1                                         |A1                                         
A2                                         |A2                                         
B1                                         |B1                                         
B2                                         |B2                                         
C1                                         |C1                                         
VGND                                       |VGND                                       
VNB                                        |VNB                                        
VPB                                        |VPB                                        
VPWR                                       |VPWR                                       
Y                                          |Y                                          
---------------------------------------------------------------------------------------
Cell pin lists are equivalent.
Device classes sky130_fd_sc_hs__a221oi_2 and sky130_fd_sc_hs__a221oi_2 are equivalent.

Cell sky130_fd_sc_hs__o32ai_1 (0) disconnected node: A1
Cell sky130_fd_sc_hs__o32ai_1 (0) disconnected node: A2
Cell sky130_fd_sc_hs__o32ai_1 (0) disconnected node: A3
Cell sky130_fd_sc_hs__o32ai_1 (0) disconnected node: B1
Cell sky130_fd_sc_hs__o32ai_1 (0) disconnected node: B2
Cell sky130_fd_sc_hs__o32ai_1 (0) disconnected node: VGND
Cell sky130_fd_sc_hs__o32ai_1 (0) disconnected node: VNB
Cell sky130_fd_sc_hs__o32ai_1 (0) disconnected node: VPB
Cell sky130_fd_sc_hs__o32ai_1 (0) disconnected node: VPWR
Cell sky130_fd_sc_hs__o32ai_1 (0) disconnected node: Y

Subcircuit pins:
Circuit 1: sky130_fd_sc_hs__o32ai_1        |Circuit 2: sky130_fd_sc_hs__o32ai_1        
-------------------------------------------|-------------------------------------------
A1                                         |A1                                         
A2                                         |A2                                         
A3                                         |A3                                         
B1                                         |B1                                         
B2                                         |B2                                         
VGND                                       |VGND                                       
VNB                                        |VNB                                        
VPB                                        |VPB                                        
VPWR                                       |VPWR                                       
Y                                          |Y                                          
---------------------------------------------------------------------------------------
Cell pin lists are equivalent.
Device classes sky130_fd_sc_hs__o32ai_1 and sky130_fd_sc_hs__o32ai_1 are equivalent.

Cell sky130_fd_sc_hs__o2bb2ai_2 (0) disconnected node: A1_N
Cell sky130_fd_sc_hs__o2bb2ai_2 (0) disconnected node: A2_N
Cell sky130_fd_sc_hs__o2bb2ai_2 (0) disconnected node: B1
Cell sky130_fd_sc_hs__o2bb2ai_2 (0) disconnected node: B2
Cell sky130_fd_sc_hs__o2bb2ai_2 (0) disconnected node: VGND
Cell sky130_fd_sc_hs__o2bb2ai_2 (0) disconnected node: VNB
Cell sky130_fd_sc_hs__o2bb2ai_2 (0) disconnected node: VPB
Cell sky130_fd_sc_hs__o2bb2ai_2 (0) disconnected node: VPWR
Cell sky130_fd_sc_hs__o2bb2ai_2 (0) disconnected node: Y

Subcircuit pins:
Circuit 1: sky130_fd_sc_hs__o2bb2ai_2      |Circuit 2: sky130_fd_sc_hs__o2bb2ai_2      
-------------------------------------------|-------------------------------------------
A1_N                                       |A1_N                                       
A2_N                                       |A2_N                                       
B1                                         |B1                                         
B2                                         |B2                                         
VGND                                       |VGND                                       
VNB                                        |VNB                                        
VPB                                        |VPB                                        
VPWR                                       |VPWR                                       
Y                                          |Y                                          
---------------------------------------------------------------------------------------
Cell pin lists are equivalent.
Device classes sky130_fd_sc_hs__o2bb2ai_2 and sky130_fd_sc_hs__o2bb2ai_2 are equivalent.

Cell sky130_fd_sc_hs__a22o_4 (0) disconnected node: A1
Cell sky130_fd_sc_hs__a22o_4 (0) disconnected node: A2
Cell sky130_fd_sc_hs__a22o_4 (0) disconnected node: B1
Cell sky130_fd_sc_hs__a22o_4 (0) disconnected node: B2
Cell sky130_fd_sc_hs__a22o_4 (0) disconnected node: VGND
Cell sky130_fd_sc_hs__a22o_4 (0) disconnected node: VNB
Cell sky130_fd_sc_hs__a22o_4 (0) disconnected node: VPB
Cell sky130_fd_sc_hs__a22o_4 (0) disconnected node: VPWR
Cell sky130_fd_sc_hs__a22o_4 (0) disconnected node: X

Subcircuit pins:
Circuit 1: sky130_fd_sc_hs__a22o_4         |Circuit 2: sky130_fd_sc_hs__a22o_4         
-------------------------------------------|-------------------------------------------
A1                                         |A1                                         
A2                                         |A2                                         
B1                                         |B1                                         
B2                                         |B2                                         
VGND                                       |VGND                                       
VNB                                        |VNB                                        
VPB                                        |VPB                                        
VPWR                                       |VPWR                                       
X                                          |X                                          
---------------------------------------------------------------------------------------
Cell pin lists are equivalent.
Device classes sky130_fd_sc_hs__a22o_4 and sky130_fd_sc_hs__a22o_4 are equivalent.

Cell sky130_fd_sc_hs__o2111ai_1 (0) disconnected node: A1
Cell sky130_fd_sc_hs__o2111ai_1 (0) disconnected node: A2
Cell sky130_fd_sc_hs__o2111ai_1 (0) disconnected node: B1
Cell sky130_fd_sc_hs__o2111ai_1 (0) disconnected node: C1
Cell sky130_fd_sc_hs__o2111ai_1 (0) disconnected node: D1
Cell sky130_fd_sc_hs__o2111ai_1 (0) disconnected node: VGND
Cell sky130_fd_sc_hs__o2111ai_1 (0) disconnected node: VNB
Cell sky130_fd_sc_hs__o2111ai_1 (0) disconnected node: VPB
Cell sky130_fd_sc_hs__o2111ai_1 (0) disconnected node: VPWR
Cell sky130_fd_sc_hs__o2111ai_1 (0) disconnected node: Y

Subcircuit pins:
Circuit 1: sky130_fd_sc_hs__o2111ai_1      |Circuit 2: sky130_fd_sc_hs__o2111ai_1      
-------------------------------------------|-------------------------------------------
A1                                         |A1                                         
A2                                         |A2                                         
B1                                         |B1                                         
C1                                         |C1                                         
D1                                         |D1                                         
VGND                                       |VGND                                       
VNB                                        |VNB                                        
VPB                                        |VPB                                        
VPWR                                       |VPWR                                       
Y                                          |Y                                          
---------------------------------------------------------------------------------------
Cell pin lists are equivalent.
Device classes sky130_fd_sc_hs__o2111ai_1 and sky130_fd_sc_hs__o2111ai_1 are equivalent.

Cell sky130_fd_sc_hs__o311ai_1 (0) disconnected node: A1
Cell sky130_fd_sc_hs__o311ai_1 (0) disconnected node: A2
Cell sky130_fd_sc_hs__o311ai_1 (0) disconnected node: A3
Cell sky130_fd_sc_hs__o311ai_1 (0) disconnected node: B1
Cell sky130_fd_sc_hs__o311ai_1 (0) disconnected node: C1
Cell sky130_fd_sc_hs__o311ai_1 (0) disconnected node: VGND
Cell sky130_fd_sc_hs__o311ai_1 (0) disconnected node: VNB
Cell sky130_fd_sc_hs__o311ai_1 (0) disconnected node: VPB
Cell sky130_fd_sc_hs__o311ai_1 (0) disconnected node: VPWR
Cell sky130_fd_sc_hs__o311ai_1 (0) disconnected node: Y

Subcircuit pins:
Circuit 1: sky130_fd_sc_hs__o311ai_1       |Circuit 2: sky130_fd_sc_hs__o311ai_1       
-------------------------------------------|-------------------------------------------
A1                                         |A1                                         
A2                                         |A2                                         
A3                                         |A3                                         
B1                                         |B1                                         
C1                                         |C1                                         
VGND                                       |VGND                                       
VNB                                        |VNB                                        
VPB                                        |VPB                                        
VPWR                                       |VPWR                                       
Y                                          |Y                                          
---------------------------------------------------------------------------------------
Cell pin lists are equivalent.
Device classes sky130_fd_sc_hs__o311ai_1 and sky130_fd_sc_hs__o311ai_1 are equivalent.

Cell sky130_fd_sc_hs__o211ai_2 (0) disconnected node: A1
Cell sky130_fd_sc_hs__o211ai_2 (0) disconnected node: A2
Cell sky130_fd_sc_hs__o211ai_2 (0) disconnected node: B1
Cell sky130_fd_sc_hs__o211ai_2 (0) disconnected node: C1
Cell sky130_fd_sc_hs__o211ai_2 (0) disconnected node: VGND
Cell sky130_fd_sc_hs__o211ai_2 (0) disconnected node: VNB
Cell sky130_fd_sc_hs__o211ai_2 (0) disconnected node: VPB
Cell sky130_fd_sc_hs__o211ai_2 (0) disconnected node: VPWR
Cell sky130_fd_sc_hs__o211ai_2 (0) disconnected node: Y

Subcircuit pins:
Circuit 1: sky130_fd_sc_hs__o211ai_2       |Circuit 2: sky130_fd_sc_hs__o211ai_2       
-------------------------------------------|-------------------------------------------
A1                                         |A1                                         
A2                                         |A2                                         
B1                                         |B1                                         
C1                                         |C1                                         
VGND                                       |VGND                                       
VNB                                        |VNB                                        
VPB                                        |VPB                                        
VPWR                                       |VPWR                                       
Y                                          |Y                                          
---------------------------------------------------------------------------------------
Cell pin lists are equivalent.
Device classes sky130_fd_sc_hs__o211ai_2 and sky130_fd_sc_hs__o211ai_2 are equivalent.

Cell sky130_fd_sc_hs__a21bo_2 (0) disconnected node: A1
Cell sky130_fd_sc_hs__a21bo_2 (0) disconnected node: A2
Cell sky130_fd_sc_hs__a21bo_2 (0) disconnected node: B1_N
Cell sky130_fd_sc_hs__a21bo_2 (0) disconnected node: VGND
Cell sky130_fd_sc_hs__a21bo_2 (0) disconnected node: VNB
Cell sky130_fd_sc_hs__a21bo_2 (0) disconnected node: VPB
Cell sky130_fd_sc_hs__a21bo_2 (0) disconnected node: VPWR
Cell sky130_fd_sc_hs__a21bo_2 (0) disconnected node: X

Subcircuit pins:
Circuit 1: sky130_fd_sc_hs__a21bo_2        |Circuit 2: sky130_fd_sc_hs__a21bo_2        
-------------------------------------------|-------------------------------------------
A1                                         |A1                                         
A2                                         |A2                                         
B1_N                                       |B1_N                                       
VGND                                       |VGND                                       
VNB                                        |VNB                                        
VPB                                        |VPB                                        
VPWR                                       |VPWR                                       
X                                          |X                                          
---------------------------------------------------------------------------------------
Cell pin lists are equivalent.
Device classes sky130_fd_sc_hs__a21bo_2 and sky130_fd_sc_hs__a21bo_2 are equivalent.

Cell sky130_fd_sc_hs__o21bai_1 (0) disconnected node: A1
Cell sky130_fd_sc_hs__o21bai_1 (0) disconnected node: A2
Cell sky130_fd_sc_hs__o21bai_1 (0) disconnected node: B1_N
Cell sky130_fd_sc_hs__o21bai_1 (0) disconnected node: VGND
Cell sky130_fd_sc_hs__o21bai_1 (0) disconnected node: VNB
Cell sky130_fd_sc_hs__o21bai_1 (0) disconnected node: VPB
Cell sky130_fd_sc_hs__o21bai_1 (0) disconnected node: VPWR
Cell sky130_fd_sc_hs__o21bai_1 (0) disconnected node: Y

Subcircuit pins:
Circuit 1: sky130_fd_sc_hs__o21bai_1       |Circuit 2: sky130_fd_sc_hs__o21bai_1       
-------------------------------------------|-------------------------------------------
A1                                         |A1                                         
A2                                         |A2                                         
B1_N                                       |B1_N                                       
VGND                                       |VGND                                       
VNB                                        |VNB                                        
VPB                                        |VPB                                        
VPWR                                       |VPWR                                       
Y                                          |Y                                          
---------------------------------------------------------------------------------------
Cell pin lists are equivalent.
Device classes sky130_fd_sc_hs__o21bai_1 and sky130_fd_sc_hs__o21bai_1 are equivalent.

Cell sky130_fd_sc_hs__xnor2_1 (0) disconnected node: A
Cell sky130_fd_sc_hs__xnor2_1 (0) disconnected node: B
Cell sky130_fd_sc_hs__xnor2_1 (0) disconnected node: VGND
Cell sky130_fd_sc_hs__xnor2_1 (0) disconnected node: VNB
Cell sky130_fd_sc_hs__xnor2_1 (0) disconnected node: VPB
Cell sky130_fd_sc_hs__xnor2_1 (0) disconnected node: VPWR
Cell sky130_fd_sc_hs__xnor2_1 (0) disconnected node: Y

Subcircuit pins:
Circuit 1: sky130_fd_sc_hs__xnor2_1        |Circuit 2: sky130_fd_sc_hs__xnor2_1        
-------------------------------------------|-------------------------------------------
A                                          |A                                          
B                                          |B                                          
VGND                                       |VGND                                       
VNB                                        |VNB                                        
VPB                                        |VPB                                        
VPWR                                       |VPWR                                       
Y                                          |Y                                          
---------------------------------------------------------------------------------------
Cell pin lists are equivalent.
Device classes sky130_fd_sc_hs__xnor2_1 and sky130_fd_sc_hs__xnor2_1 are equivalent.

Cell sky130_fd_sc_hs__a41oi_1 (0) disconnected node: A1
Cell sky130_fd_sc_hs__a41oi_1 (0) disconnected node: A2
Cell sky130_fd_sc_hs__a41oi_1 (0) disconnected node: A3
Cell sky130_fd_sc_hs__a41oi_1 (0) disconnected node: A4
Cell sky130_fd_sc_hs__a41oi_1 (0) disconnected node: B1
Cell sky130_fd_sc_hs__a41oi_1 (0) disconnected node: VGND
Cell sky130_fd_sc_hs__a41oi_1 (0) disconnected node: VNB
Cell sky130_fd_sc_hs__a41oi_1 (0) disconnected node: VPB
Cell sky130_fd_sc_hs__a41oi_1 (0) disconnected node: VPWR
Cell sky130_fd_sc_hs__a41oi_1 (0) disconnected node: Y

Subcircuit pins:
Circuit 1: sky130_fd_sc_hs__a41oi_1        |Circuit 2: sky130_fd_sc_hs__a41oi_1        
-------------------------------------------|-------------------------------------------
A1                                         |A1                                         
A2                                         |A2                                         
A3                                         |A3                                         
A4                                         |A4                                         
B1                                         |B1                                         
VGND                                       |VGND                                       
VNB                                        |VNB                                        
VPB                                        |VPB                                        
VPWR                                       |VPWR                                       
Y                                          |Y                                          
---------------------------------------------------------------------------------------
Cell pin lists are equivalent.
Device classes sky130_fd_sc_hs__a41oi_1 and sky130_fd_sc_hs__a41oi_1 are equivalent.

Cell sky130_fd_sc_hs__nand4_4 (0) disconnected node: A
Cell sky130_fd_sc_hs__nand4_4 (0) disconnected node: B
Cell sky130_fd_sc_hs__nand4_4 (0) disconnected node: C
Cell sky130_fd_sc_hs__nand4_4 (0) disconnected node: D
Cell sky130_fd_sc_hs__nand4_4 (0) disconnected node: VGND
Cell sky130_fd_sc_hs__nand4_4 (0) disconnected node: VNB
Cell sky130_fd_sc_hs__nand4_4 (0) disconnected node: VPB
Cell sky130_fd_sc_hs__nand4_4 (0) disconnected node: VPWR
Cell sky130_fd_sc_hs__nand4_4 (0) disconnected node: Y

Subcircuit pins:
Circuit 1: sky130_fd_sc_hs__nand4_4        |Circuit 2: sky130_fd_sc_hs__nand4_4        
-------------------------------------------|-------------------------------------------
A                                          |A                                          
B                                          |B                                          
C                                          |C                                          
D                                          |D                                          
VGND                                       |VGND                                       
VNB                                        |VNB                                        
VPB                                        |VPB                                        
VPWR                                       |VPWR                                       
Y                                          |Y                                          
---------------------------------------------------------------------------------------
Cell pin lists are equivalent.
Device classes sky130_fd_sc_hs__nand4_4 and sky130_fd_sc_hs__nand4_4 are equivalent.

Cell sky130_fd_sc_hs__a21bo_4 (0) disconnected node: A1
Cell sky130_fd_sc_hs__a21bo_4 (0) disconnected node: A2
Cell sky130_fd_sc_hs__a21bo_4 (0) disconnected node: B1_N
Cell sky130_fd_sc_hs__a21bo_4 (0) disconnected node: VGND
Cell sky130_fd_sc_hs__a21bo_4 (0) disconnected node: VNB
Cell sky130_fd_sc_hs__a21bo_4 (0) disconnected node: VPB
Cell sky130_fd_sc_hs__a21bo_4 (0) disconnected node: VPWR
Cell sky130_fd_sc_hs__a21bo_4 (0) disconnected node: X

Subcircuit pins:
Circuit 1: sky130_fd_sc_hs__a21bo_4        |Circuit 2: sky130_fd_sc_hs__a21bo_4        
-------------------------------------------|-------------------------------------------
A1                                         |A1                                         
A2                                         |A2                                         
B1_N                                       |B1_N                                       
VGND                                       |VGND                                       
VNB                                        |VNB                                        
VPB                                        |VPB                                        
VPWR                                       |VPWR                                       
X                                          |X                                          
---------------------------------------------------------------------------------------
Cell pin lists are equivalent.
Device classes sky130_fd_sc_hs__a21bo_4 and sky130_fd_sc_hs__a21bo_4 are equivalent.

Cell sky130_fd_sc_hs__mux2_4 (0) disconnected node: A0
Cell sky130_fd_sc_hs__mux2_4 (0) disconnected node: A1
Cell sky130_fd_sc_hs__mux2_4 (0) disconnected node: S
Cell sky130_fd_sc_hs__mux2_4 (0) disconnected node: VGND
Cell sky130_fd_sc_hs__mux2_4 (0) disconnected node: VNB
Cell sky130_fd_sc_hs__mux2_4 (0) disconnected node: VPB
Cell sky130_fd_sc_hs__mux2_4 (0) disconnected node: VPWR
Cell sky130_fd_sc_hs__mux2_4 (0) disconnected node: X

Subcircuit pins:
Circuit 1: sky130_fd_sc_hs__mux2_4         |Circuit 2: sky130_fd_sc_hs__mux2_4         
-------------------------------------------|-------------------------------------------
A0                                         |A0                                         
A1                                         |A1                                         
S                                          |S                                          
VGND                                       |VGND                                       
VNB                                        |VNB                                        
VPB                                        |VPB                                        
VPWR                                       |VPWR                                       
X                                          |X                                          
---------------------------------------------------------------------------------------
Cell pin lists are equivalent.
Device classes sky130_fd_sc_hs__mux2_4 and sky130_fd_sc_hs__mux2_4 are equivalent.

Cell sky130_fd_sc_hs__nand2_8 (0) disconnected node: A
Cell sky130_fd_sc_hs__nand2_8 (0) disconnected node: B
Cell sky130_fd_sc_hs__nand2_8 (0) disconnected node: VGND
Cell sky130_fd_sc_hs__nand2_8 (0) disconnected node: VNB
Cell sky130_fd_sc_hs__nand2_8 (0) disconnected node: VPB
Cell sky130_fd_sc_hs__nand2_8 (0) disconnected node: VPWR
Cell sky130_fd_sc_hs__nand2_8 (0) disconnected node: Y

Subcircuit pins:
Circuit 1: sky130_fd_sc_hs__nand2_8        |Circuit 2: sky130_fd_sc_hs__nand2_8        
-------------------------------------------|-------------------------------------------
A                                          |A                                          
B                                          |B                                          
VGND                                       |VGND                                       
VNB                                        |VNB                                        
VPB                                        |VPB                                        
VPWR                                       |VPWR                                       
Y                                          |Y                                          
---------------------------------------------------------------------------------------
Cell pin lists are equivalent.
Device classes sky130_fd_sc_hs__nand2_8 and sky130_fd_sc_hs__nand2_8 are equivalent.

Cell sky130_fd_sc_hs__or4b_1 (0) disconnected node: A
Cell sky130_fd_sc_hs__or4b_1 (0) disconnected node: B
Cell sky130_fd_sc_hs__or4b_1 (0) disconnected node: C
Cell sky130_fd_sc_hs__or4b_1 (0) disconnected node: D_N
Cell sky130_fd_sc_hs__or4b_1 (0) disconnected node: VGND
Cell sky130_fd_sc_hs__or4b_1 (0) disconnected node: VNB
Cell sky130_fd_sc_hs__or4b_1 (0) disconnected node: VPB
Cell sky130_fd_sc_hs__or4b_1 (0) disconnected node: VPWR
Cell sky130_fd_sc_hs__or4b_1 (0) disconnected node: X

Subcircuit pins:
Circuit 1: sky130_fd_sc_hs__or4b_1         |Circuit 2: sky130_fd_sc_hs__or4b_1         
-------------------------------------------|-------------------------------------------
A                                          |A                                          
B                                          |B                                          
C                                          |C                                          
D_N                                        |D_N                                        
VGND                                       |VGND                                       
VNB                                        |VNB                                        
VPB                                        |VPB                                        
VPWR                                       |VPWR                                       
X                                          |X                                          
---------------------------------------------------------------------------------------
Cell pin lists are equivalent.
Device classes sky130_fd_sc_hs__or4b_1 and sky130_fd_sc_hs__or4b_1 are equivalent.

Cell sky130_fd_sc_hs__and3_4 (0) disconnected node: A
Cell sky130_fd_sc_hs__and3_4 (0) disconnected node: B
Cell sky130_fd_sc_hs__and3_4 (0) disconnected node: C
Cell sky130_fd_sc_hs__and3_4 (0) disconnected node: VGND
Cell sky130_fd_sc_hs__and3_4 (0) disconnected node: VNB
Cell sky130_fd_sc_hs__and3_4 (0) disconnected node: VPB
Cell sky130_fd_sc_hs__and3_4 (0) disconnected node: VPWR
Cell sky130_fd_sc_hs__and3_4 (0) disconnected node: X

Subcircuit pins:
Circuit 1: sky130_fd_sc_hs__and3_4         |Circuit 2: sky130_fd_sc_hs__and3_4         
-------------------------------------------|-------------------------------------------
A                                          |A                                          
B                                          |B                                          
C                                          |C                                          
VGND                                       |VGND                                       
VNB                                        |VNB                                        
VPB                                        |VPB                                        
VPWR                                       |VPWR                                       
X                                          |X                                          
---------------------------------------------------------------------------------------
Cell pin lists are equivalent.
Device classes sky130_fd_sc_hs__and3_4 and sky130_fd_sc_hs__and3_4 are equivalent.

Cell sky130_fd_sc_hs__a221oi_1 (0) disconnected node: A1
Cell sky130_fd_sc_hs__a221oi_1 (0) disconnected node: A2
Cell sky130_fd_sc_hs__a221oi_1 (0) disconnected node: B1
Cell sky130_fd_sc_hs__a221oi_1 (0) disconnected node: B2
Cell sky130_fd_sc_hs__a221oi_1 (0) disconnected node: C1
Cell sky130_fd_sc_hs__a221oi_1 (0) disconnected node: VGND
Cell sky130_fd_sc_hs__a221oi_1 (0) disconnected node: VNB
Cell sky130_fd_sc_hs__a221oi_1 (0) disconnected node: VPB
Cell sky130_fd_sc_hs__a221oi_1 (0) disconnected node: VPWR
Cell sky130_fd_sc_hs__a221oi_1 (0) disconnected node: Y

Subcircuit pins:
Circuit 1: sky130_fd_sc_hs__a221oi_1       |Circuit 2: sky130_fd_sc_hs__a221oi_1       
-------------------------------------------|-------------------------------------------
A1                                         |A1                                         
A2                                         |A2                                         
B1                                         |B1                                         
B2                                         |B2                                         
C1                                         |C1                                         
VGND                                       |VGND                                       
VNB                                        |VNB                                        
VPB                                        |VPB                                        
VPWR                                       |VPWR                                       
Y                                          |Y                                          
---------------------------------------------------------------------------------------
Cell pin lists are equivalent.
Device classes sky130_fd_sc_hs__a221oi_1 and sky130_fd_sc_hs__a221oi_1 are equivalent.

Cell sky130_fd_sc_hs__o221ai_1 (0) disconnected node: A1
Cell sky130_fd_sc_hs__o221ai_1 (0) disconnected node: A2
Cell sky130_fd_sc_hs__o221ai_1 (0) disconnected node: B1
Cell sky130_fd_sc_hs__o221ai_1 (0) disconnected node: B2
Cell sky130_fd_sc_hs__o221ai_1 (0) disconnected node: C1
Cell sky130_fd_sc_hs__o221ai_1 (0) disconnected node: VGND
Cell sky130_fd_sc_hs__o221ai_1 (0) disconnected node: VNB
Cell sky130_fd_sc_hs__o221ai_1 (0) disconnected node: VPB
Cell sky130_fd_sc_hs__o221ai_1 (0) disconnected node: VPWR
Cell sky130_fd_sc_hs__o221ai_1 (0) disconnected node: Y

Subcircuit pins:
Circuit 1: sky130_fd_sc_hs__o221ai_1       |Circuit 2: sky130_fd_sc_hs__o221ai_1       
-------------------------------------------|-------------------------------------------
A1                                         |A1                                         
A2                                         |A2                                         
B1                                         |B1                                         
B2                                         |B2                                         
C1                                         |C1                                         
VGND                                       |VGND                                       
VNB                                        |VNB                                        
VPB                                        |VPB                                        
VPWR                                       |VPWR                                       
Y                                          |Y                                          
---------------------------------------------------------------------------------------
Cell pin lists are equivalent.
Device classes sky130_fd_sc_hs__o221ai_1 and sky130_fd_sc_hs__o221ai_1 are equivalent.

Cell sky130_fd_sc_hs__a21o_2 (0) disconnected node: A1
Cell sky130_fd_sc_hs__a21o_2 (0) disconnected node: A2
Cell sky130_fd_sc_hs__a21o_2 (0) disconnected node: B1
Cell sky130_fd_sc_hs__a21o_2 (0) disconnected node: VGND
Cell sky130_fd_sc_hs__a21o_2 (0) disconnected node: VNB
Cell sky130_fd_sc_hs__a21o_2 (0) disconnected node: VPB
Cell sky130_fd_sc_hs__a21o_2 (0) disconnected node: VPWR
Cell sky130_fd_sc_hs__a21o_2 (0) disconnected node: X

Subcircuit pins:
Circuit 1: sky130_fd_sc_hs__a21o_2         |Circuit 2: sky130_fd_sc_hs__a21o_2         
-------------------------------------------|-------------------------------------------
A1                                         |A1                                         
A2                                         |A2                                         
B1                                         |B1                                         
VGND                                       |VGND                                       
VNB                                        |VNB                                        
VPB                                        |VPB                                        
VPWR                                       |VPWR                                       
X                                          |X                                          
---------------------------------------------------------------------------------------
Cell pin lists are equivalent.
Device classes sky130_fd_sc_hs__a21o_2 and sky130_fd_sc_hs__a21o_2 are equivalent.

Cell sky130_fd_sc_hs__a21oi_4 (0) disconnected node: A1
Cell sky130_fd_sc_hs__a21oi_4 (0) disconnected node: A2
Cell sky130_fd_sc_hs__a21oi_4 (0) disconnected node: B1
Cell sky130_fd_sc_hs__a21oi_4 (0) disconnected node: VGND
Cell sky130_fd_sc_hs__a21oi_4 (0) disconnected node: VNB
Cell sky130_fd_sc_hs__a21oi_4 (0) disconnected node: VPB
Cell sky130_fd_sc_hs__a21oi_4 (0) disconnected node: VPWR
Cell sky130_fd_sc_hs__a21oi_4 (0) disconnected node: Y

Subcircuit pins:
Circuit 1: sky130_fd_sc_hs__a21oi_4        |Circuit 2: sky130_fd_sc_hs__a21oi_4        
-------------------------------------------|-------------------------------------------
A1                                         |A1                                         
A2                                         |A2                                         
B1                                         |B1                                         
VGND                                       |VGND                                       
VNB                                        |VNB                                        
VPB                                        |VPB                                        
VPWR                                       |VPWR                                       
Y                                          |Y                                          
---------------------------------------------------------------------------------------
Cell pin lists are equivalent.
Device classes sky130_fd_sc_hs__a21oi_4 and sky130_fd_sc_hs__a21oi_4 are equivalent.

Cell sky130_fd_sc_hs__o21a_4 (0) disconnected node: A1
Cell sky130_fd_sc_hs__o21a_4 (0) disconnected node: A2
Cell sky130_fd_sc_hs__o21a_4 (0) disconnected node: B1
Cell sky130_fd_sc_hs__o21a_4 (0) disconnected node: VGND
Cell sky130_fd_sc_hs__o21a_4 (0) disconnected node: VNB
Cell sky130_fd_sc_hs__o21a_4 (0) disconnected node: VPB
Cell sky130_fd_sc_hs__o21a_4 (0) disconnected node: VPWR
Cell sky130_fd_sc_hs__o21a_4 (0) disconnected node: X

Subcircuit pins:
Circuit 1: sky130_fd_sc_hs__o21a_4         |Circuit 2: sky130_fd_sc_hs__o21a_4         
-------------------------------------------|-------------------------------------------
A1                                         |A1                                         
A2                                         |A2                                         
B1                                         |B1                                         
VGND                                       |VGND                                       
VNB                                        |VNB                                        
VPB                                        |VPB                                        
VPWR                                       |VPWR                                       
X                                          |X                                          
---------------------------------------------------------------------------------------
Cell pin lists are equivalent.
Device classes sky130_fd_sc_hs__o21a_4 and sky130_fd_sc_hs__o21a_4 are equivalent.

Cell sky130_fd_sc_hs__o21a_2 (0) disconnected node: A1
Cell sky130_fd_sc_hs__o21a_2 (0) disconnected node: A2
Cell sky130_fd_sc_hs__o21a_2 (0) disconnected node: B1
Cell sky130_fd_sc_hs__o21a_2 (0) disconnected node: VGND
Cell sky130_fd_sc_hs__o21a_2 (0) disconnected node: VNB
Cell sky130_fd_sc_hs__o21a_2 (0) disconnected node: VPB
Cell sky130_fd_sc_hs__o21a_2 (0) disconnected node: VPWR
Cell sky130_fd_sc_hs__o21a_2 (0) disconnected node: X

Subcircuit pins:
Circuit 1: sky130_fd_sc_hs__o21a_2         |Circuit 2: sky130_fd_sc_hs__o21a_2         
-------------------------------------------|-------------------------------------------
A1                                         |A1                                         
A2                                         |A2                                         
B1                                         |B1                                         
VGND                                       |VGND                                       
VNB                                        |VNB                                        
VPB                                        |VPB                                        
VPWR                                       |VPWR                                       
X                                          |X                                          
---------------------------------------------------------------------------------------
Cell pin lists are equivalent.
Device classes sky130_fd_sc_hs__o21a_2 and sky130_fd_sc_hs__o21a_2 are equivalent.

Cell sky130_fd_sc_hs__nand4b_4 (0) disconnected node: A_N
Cell sky130_fd_sc_hs__nand4b_4 (0) disconnected node: B
Cell sky130_fd_sc_hs__nand4b_4 (0) disconnected node: C
Cell sky130_fd_sc_hs__nand4b_4 (0) disconnected node: D
Cell sky130_fd_sc_hs__nand4b_4 (0) disconnected node: VGND
Cell sky130_fd_sc_hs__nand4b_4 (0) disconnected node: VNB
Cell sky130_fd_sc_hs__nand4b_4 (0) disconnected node: VPB
Cell sky130_fd_sc_hs__nand4b_4 (0) disconnected node: VPWR
Cell sky130_fd_sc_hs__nand4b_4 (0) disconnected node: Y

Subcircuit pins:
Circuit 1: sky130_fd_sc_hs__nand4b_4       |Circuit 2: sky130_fd_sc_hs__nand4b_4       
-------------------------------------------|-------------------------------------------
A_N                                        |A_N                                        
B                                          |B                                          
C                                          |C                                          
D                                          |D                                          
VGND                                       |VGND                                       
VNB                                        |VNB                                        
VPB                                        |VPB                                        
VPWR                                       |VPWR                                       
Y                                          |Y                                          
---------------------------------------------------------------------------------------
Cell pin lists are equivalent.
Device classes sky130_fd_sc_hs__nand4b_4 and sky130_fd_sc_hs__nand4b_4 are equivalent.

Cell sky130_fd_sc_hs__a2bb2oi_2 (0) disconnected node: A1_N
Cell sky130_fd_sc_hs__a2bb2oi_2 (0) disconnected node: A2_N
Cell sky130_fd_sc_hs__a2bb2oi_2 (0) disconnected node: B1
Cell sky130_fd_sc_hs__a2bb2oi_2 (0) disconnected node: B2
Cell sky130_fd_sc_hs__a2bb2oi_2 (0) disconnected node: VGND
Cell sky130_fd_sc_hs__a2bb2oi_2 (0) disconnected node: VNB
Cell sky130_fd_sc_hs__a2bb2oi_2 (0) disconnected node: VPB
Cell sky130_fd_sc_hs__a2bb2oi_2 (0) disconnected node: VPWR
Cell sky130_fd_sc_hs__a2bb2oi_2 (0) disconnected node: Y

Subcircuit pins:
Circuit 1: sky130_fd_sc_hs__a2bb2oi_2      |Circuit 2: sky130_fd_sc_hs__a2bb2oi_2      
-------------------------------------------|-------------------------------------------
A1_N                                       |A1_N                                       
A2_N                                       |A2_N                                       
B1                                         |B1                                         
B2                                         |B2                                         
VGND                                       |VGND                                       
VNB                                        |VNB                                        
VPB                                        |VPB                                        
VPWR                                       |VPWR                                       
Y                                          |Y                                          
---------------------------------------------------------------------------------------
Cell pin lists are equivalent.
Device classes sky130_fd_sc_hs__a2bb2oi_2 and sky130_fd_sc_hs__a2bb2oi_2 are equivalent.

Cell sky130_fd_sc_hs__nor3b_1 (0) disconnected node: A
Cell sky130_fd_sc_hs__nor3b_1 (0) disconnected node: B
Cell sky130_fd_sc_hs__nor3b_1 (0) disconnected node: C_N
Cell sky130_fd_sc_hs__nor3b_1 (0) disconnected node: VGND
Cell sky130_fd_sc_hs__nor3b_1 (0) disconnected node: VNB
Cell sky130_fd_sc_hs__nor3b_1 (0) disconnected node: VPB
Cell sky130_fd_sc_hs__nor3b_1 (0) disconnected node: VPWR
Cell sky130_fd_sc_hs__nor3b_1 (0) disconnected node: Y

Subcircuit pins:
Circuit 1: sky130_fd_sc_hs__nor3b_1        |Circuit 2: sky130_fd_sc_hs__nor3b_1        
-------------------------------------------|-------------------------------------------
A                                          |A                                          
B                                          |B                                          
C_N                                        |C_N                                        
VGND                                       |VGND                                       
VNB                                        |VNB                                        
VPB                                        |VPB                                        
VPWR                                       |VPWR                                       
Y                                          |Y                                          
---------------------------------------------------------------------------------------
Cell pin lists are equivalent.
Device classes sky130_fd_sc_hs__nor3b_1 and sky130_fd_sc_hs__nor3b_1 are equivalent.

Cell sky130_fd_sc_hs__or2_4 (0) disconnected node: A
Cell sky130_fd_sc_hs__or2_4 (0) disconnected node: B
Cell sky130_fd_sc_hs__or2_4 (0) disconnected node: VGND
Cell sky130_fd_sc_hs__or2_4 (0) disconnected node: VNB
Cell sky130_fd_sc_hs__or2_4 (0) disconnected node: VPB
Cell sky130_fd_sc_hs__or2_4 (0) disconnected node: VPWR
Cell sky130_fd_sc_hs__or2_4 (0) disconnected node: X

Subcircuit pins:
Circuit 1: sky130_fd_sc_hs__or2_4          |Circuit 2: sky130_fd_sc_hs__or2_4          
-------------------------------------------|-------------------------------------------
A                                          |A                                          
B                                          |B                                          
VGND                                       |VGND                                       
VNB                                        |VNB                                        
VPB                                        |VPB                                        
VPWR                                       |VPWR                                       
X                                          |X                                          
---------------------------------------------------------------------------------------
Cell pin lists are equivalent.
Device classes sky130_fd_sc_hs__or2_4 and sky130_fd_sc_hs__or2_4 are equivalent.

Cell sky130_fd_sc_hs__o2bb2a_2 (0) disconnected node: A1_N
Cell sky130_fd_sc_hs__o2bb2a_2 (0) disconnected node: A2_N
Cell sky130_fd_sc_hs__o2bb2a_2 (0) disconnected node: B1
Cell sky130_fd_sc_hs__o2bb2a_2 (0) disconnected node: B2
Cell sky130_fd_sc_hs__o2bb2a_2 (0) disconnected node: VGND
Cell sky130_fd_sc_hs__o2bb2a_2 (0) disconnected node: VNB
Cell sky130_fd_sc_hs__o2bb2a_2 (0) disconnected node: VPB
Cell sky130_fd_sc_hs__o2bb2a_2 (0) disconnected node: VPWR
Cell sky130_fd_sc_hs__o2bb2a_2 (0) disconnected node: X

Subcircuit pins:
Circuit 1: sky130_fd_sc_hs__o2bb2a_2       |Circuit 2: sky130_fd_sc_hs__o2bb2a_2       
-------------------------------------------|-------------------------------------------
A1_N                                       |A1_N                                       
A2_N                                       |A2_N                                       
B1                                         |B1                                         
B2                                         |B2                                         
VGND                                       |VGND                                       
VNB                                        |VNB                                        
VPB                                        |VPB                                        
VPWR                                       |VPWR                                       
X                                          |X                                          
---------------------------------------------------------------------------------------
Cell pin lists are equivalent.
Device classes sky130_fd_sc_hs__o2bb2a_2 and sky130_fd_sc_hs__o2bb2a_2 are equivalent.

Cell sky130_fd_sc_hs__and3b_2 (0) disconnected node: A_N
Cell sky130_fd_sc_hs__and3b_2 (0) disconnected node: B
Cell sky130_fd_sc_hs__and3b_2 (0) disconnected node: C
Cell sky130_fd_sc_hs__and3b_2 (0) disconnected node: VGND
Cell sky130_fd_sc_hs__and3b_2 (0) disconnected node: VNB
Cell sky130_fd_sc_hs__and3b_2 (0) disconnected node: VPB
Cell sky130_fd_sc_hs__and3b_2 (0) disconnected node: VPWR
Cell sky130_fd_sc_hs__and3b_2 (0) disconnected node: X

Subcircuit pins:
Circuit 1: sky130_fd_sc_hs__and3b_2        |Circuit 2: sky130_fd_sc_hs__and3b_2        
-------------------------------------------|-------------------------------------------
A_N                                        |A_N                                        
B                                          |B                                          
C                                          |C                                          
VGND                                       |VGND                                       
VNB                                        |VNB                                        
VPB                                        |VPB                                        
VPWR                                       |VPWR                                       
X                                          |X                                          
---------------------------------------------------------------------------------------
Cell pin lists are equivalent.
Device classes sky130_fd_sc_hs__and3b_2 and sky130_fd_sc_hs__and3b_2 are equivalent.

Cell sky130_fd_sc_hs__o22ai_4 (0) disconnected node: A1
Cell sky130_fd_sc_hs__o22ai_4 (0) disconnected node: A2
Cell sky130_fd_sc_hs__o22ai_4 (0) disconnected node: B1
Cell sky130_fd_sc_hs__o22ai_4 (0) disconnected node: B2
Cell sky130_fd_sc_hs__o22ai_4 (0) disconnected node: VGND
Cell sky130_fd_sc_hs__o22ai_4 (0) disconnected node: VNB
Cell sky130_fd_sc_hs__o22ai_4 (0) disconnected node: VPB
Cell sky130_fd_sc_hs__o22ai_4 (0) disconnected node: VPWR
Cell sky130_fd_sc_hs__o22ai_4 (0) disconnected node: Y

Subcircuit pins:
Circuit 1: sky130_fd_sc_hs__o22ai_4        |Circuit 2: sky130_fd_sc_hs__o22ai_4        
-------------------------------------------|-------------------------------------------
A1                                         |A1                                         
A2                                         |A2                                         
B1                                         |B1                                         
B2                                         |B2                                         
VGND                                       |VGND                                       
VNB                                        |VNB                                        
VPB                                        |VPB                                        
VPWR                                       |VPWR                                       
Y                                          |Y                                          
---------------------------------------------------------------------------------------
Cell pin lists are equivalent.
Device classes sky130_fd_sc_hs__o22ai_4 and sky130_fd_sc_hs__o22ai_4 are equivalent.

Cell sky130_fd_sc_hs__a311o_2 (0) disconnected node: A1
Cell sky130_fd_sc_hs__a311o_2 (0) disconnected node: A2
Cell sky130_fd_sc_hs__a311o_2 (0) disconnected node: A3
Cell sky130_fd_sc_hs__a311o_2 (0) disconnected node: B1
Cell sky130_fd_sc_hs__a311o_2 (0) disconnected node: C1
Cell sky130_fd_sc_hs__a311o_2 (0) disconnected node: VGND
Cell sky130_fd_sc_hs__a311o_2 (0) disconnected node: VNB
Cell sky130_fd_sc_hs__a311o_2 (0) disconnected node: VPB
Cell sky130_fd_sc_hs__a311o_2 (0) disconnected node: VPWR
Cell sky130_fd_sc_hs__a311o_2 (0) disconnected node: X

Subcircuit pins:
Circuit 1: sky130_fd_sc_hs__a311o_2        |Circuit 2: sky130_fd_sc_hs__a311o_2        
-------------------------------------------|-------------------------------------------
A1                                         |A1                                         
A2                                         |A2                                         
A3                                         |A3                                         
B1                                         |B1                                         
C1                                         |C1                                         
VGND                                       |VGND                                       
VNB                                        |VNB                                        
VPB                                        |VPB                                        
VPWR                                       |VPWR                                       
X                                          |X                                          
---------------------------------------------------------------------------------------
Cell pin lists are equivalent.
Device classes sky130_fd_sc_hs__a311o_2 and sky130_fd_sc_hs__a311o_2 are equivalent.

Cell sky130_fd_sc_hs__or3_2 (0) disconnected node: A
Cell sky130_fd_sc_hs__or3_2 (0) disconnected node: B
Cell sky130_fd_sc_hs__or3_2 (0) disconnected node: C
Cell sky130_fd_sc_hs__or3_2 (0) disconnected node: VGND
Cell sky130_fd_sc_hs__or3_2 (0) disconnected node: VNB
Cell sky130_fd_sc_hs__or3_2 (0) disconnected node: VPB
Cell sky130_fd_sc_hs__or3_2 (0) disconnected node: VPWR
Cell sky130_fd_sc_hs__or3_2 (0) disconnected node: X

Subcircuit pins:
Circuit 1: sky130_fd_sc_hs__or3_2          |Circuit 2: sky130_fd_sc_hs__or3_2          
-------------------------------------------|-------------------------------------------
A                                          |A                                          
B                                          |B                                          
C                                          |C                                          
VGND                                       |VGND                                       
VNB                                        |VNB                                        
VPB                                        |VPB                                        
VPWR                                       |VPWR                                       
X                                          |X                                          
---------------------------------------------------------------------------------------
Cell pin lists are equivalent.
Device classes sky130_fd_sc_hs__or3_2 and sky130_fd_sc_hs__or3_2 are equivalent.

Cell sky130_fd_sc_hs__o221ai_2 (0) disconnected node: A1
Cell sky130_fd_sc_hs__o221ai_2 (0) disconnected node: A2
Cell sky130_fd_sc_hs__o221ai_2 (0) disconnected node: B1
Cell sky130_fd_sc_hs__o221ai_2 (0) disconnected node: B2
Cell sky130_fd_sc_hs__o221ai_2 (0) disconnected node: C1
Cell sky130_fd_sc_hs__o221ai_2 (0) disconnected node: VGND
Cell sky130_fd_sc_hs__o221ai_2 (0) disconnected node: VNB
Cell sky130_fd_sc_hs__o221ai_2 (0) disconnected node: VPB
Cell sky130_fd_sc_hs__o221ai_2 (0) disconnected node: VPWR
Cell sky130_fd_sc_hs__o221ai_2 (0) disconnected node: Y

Subcircuit pins:
Circuit 1: sky130_fd_sc_hs__o221ai_2       |Circuit 2: sky130_fd_sc_hs__o221ai_2       
-------------------------------------------|-------------------------------------------
A1                                         |A1                                         
A2                                         |A2                                         
B1                                         |B1                                         
B2                                         |B2                                         
C1                                         |C1                                         
VGND                                       |VGND                                       
VNB                                        |VNB                                        
VPB                                        |VPB                                        
VPWR                                       |VPWR                                       
Y                                          |Y                                          
---------------------------------------------------------------------------------------
Cell pin lists are equivalent.
Device classes sky130_fd_sc_hs__o221ai_2 and sky130_fd_sc_hs__o221ai_2 are equivalent.

Cell sky130_fd_sc_hs__a21o_4 (0) disconnected node: A1
Cell sky130_fd_sc_hs__a21o_4 (0) disconnected node: A2
Cell sky130_fd_sc_hs__a21o_4 (0) disconnected node: B1
Cell sky130_fd_sc_hs__a21o_4 (0) disconnected node: VGND
Cell sky130_fd_sc_hs__a21o_4 (0) disconnected node: VNB
Cell sky130_fd_sc_hs__a21o_4 (0) disconnected node: VPB
Cell sky130_fd_sc_hs__a21o_4 (0) disconnected node: VPWR
Cell sky130_fd_sc_hs__a21o_4 (0) disconnected node: X

Subcircuit pins:
Circuit 1: sky130_fd_sc_hs__a21o_4         |Circuit 2: sky130_fd_sc_hs__a21o_4         
-------------------------------------------|-------------------------------------------
A1                                         |A1                                         
A2                                         |A2                                         
B1                                         |B1                                         
VGND                                       |VGND                                       
VNB                                        |VNB                                        
VPB                                        |VPB                                        
VPWR                                       |VPWR                                       
X                                          |X                                          
---------------------------------------------------------------------------------------
Cell pin lists are equivalent.
Device classes sky130_fd_sc_hs__a21o_4 and sky130_fd_sc_hs__a21o_4 are equivalent.

Cell sky130_fd_sc_hs__or3b_1 (0) disconnected node: A
Cell sky130_fd_sc_hs__or3b_1 (0) disconnected node: B
Cell sky130_fd_sc_hs__or3b_1 (0) disconnected node: C_N
Cell sky130_fd_sc_hs__or3b_1 (0) disconnected node: VGND
Cell sky130_fd_sc_hs__or3b_1 (0) disconnected node: VNB
Cell sky130_fd_sc_hs__or3b_1 (0) disconnected node: VPB
Cell sky130_fd_sc_hs__or3b_1 (0) disconnected node: VPWR
Cell sky130_fd_sc_hs__or3b_1 (0) disconnected node: X

Subcircuit pins:
Circuit 1: sky130_fd_sc_hs__or3b_1         |Circuit 2: sky130_fd_sc_hs__or3b_1         
-------------------------------------------|-------------------------------------------
A                                          |A                                          
B                                          |B                                          
C_N                                        |C_N                                        
VGND                                       |VGND                                       
VNB                                        |VNB                                        
VPB                                        |VPB                                        
VPWR                                       |VPWR                                       
X                                          |X                                          
---------------------------------------------------------------------------------------
Cell pin lists are equivalent.
Device classes sky130_fd_sc_hs__or3b_1 and sky130_fd_sc_hs__or3b_1 are equivalent.

Cell sky130_fd_sc_hs__o41ai_1 (0) disconnected node: A1
Cell sky130_fd_sc_hs__o41ai_1 (0) disconnected node: A2
Cell sky130_fd_sc_hs__o41ai_1 (0) disconnected node: A3
Cell sky130_fd_sc_hs__o41ai_1 (0) disconnected node: A4
Cell sky130_fd_sc_hs__o41ai_1 (0) disconnected node: B1
Cell sky130_fd_sc_hs__o41ai_1 (0) disconnected node: VGND
Cell sky130_fd_sc_hs__o41ai_1 (0) disconnected node: VNB
Cell sky130_fd_sc_hs__o41ai_1 (0) disconnected node: VPB
Cell sky130_fd_sc_hs__o41ai_1 (0) disconnected node: VPWR
Cell sky130_fd_sc_hs__o41ai_1 (0) disconnected node: Y

Subcircuit pins:
Circuit 1: sky130_fd_sc_hs__o41ai_1        |Circuit 2: sky130_fd_sc_hs__o41ai_1        
-------------------------------------------|-------------------------------------------
A1                                         |A1                                         
A2                                         |A2                                         
A3                                         |A3                                         
A4                                         |A4                                         
B1                                         |B1                                         
VGND                                       |VGND                                       
VNB                                        |VNB                                        
VPB                                        |VPB                                        
VPWR                                       |VPWR                                       
Y                                          |Y                                          
---------------------------------------------------------------------------------------
Cell pin lists are equivalent.
Device classes sky130_fd_sc_hs__o41ai_1 and sky130_fd_sc_hs__o41ai_1 are equivalent.

Cell sky130_fd_sc_hs__or3b_2 (0) disconnected node: A
Cell sky130_fd_sc_hs__or3b_2 (0) disconnected node: B
Cell sky130_fd_sc_hs__or3b_2 (0) disconnected node: C_N
Cell sky130_fd_sc_hs__or3b_2 (0) disconnected node: VGND
Cell sky130_fd_sc_hs__or3b_2 (0) disconnected node: VNB
Cell sky130_fd_sc_hs__or3b_2 (0) disconnected node: VPB
Cell sky130_fd_sc_hs__or3b_2 (0) disconnected node: VPWR
Cell sky130_fd_sc_hs__or3b_2 (0) disconnected node: X

Subcircuit pins:
Circuit 1: sky130_fd_sc_hs__or3b_2         |Circuit 2: sky130_fd_sc_hs__or3b_2         
-------------------------------------------|-------------------------------------------
A                                          |A                                          
B                                          |B                                          
C_N                                        |C_N                                        
VGND                                       |VGND                                       
VNB                                        |VNB                                        
VPB                                        |VPB                                        
VPWR                                       |VPWR                                       
X                                          |X                                          
---------------------------------------------------------------------------------------
Cell pin lists are equivalent.
Device classes sky130_fd_sc_hs__or3b_2 and sky130_fd_sc_hs__or3b_2 are equivalent.

Cell sky130_fd_sc_hs__and2b_2 (0) disconnected node: A_N
Cell sky130_fd_sc_hs__and2b_2 (0) disconnected node: B
Cell sky130_fd_sc_hs__and2b_2 (0) disconnected node: VGND
Cell sky130_fd_sc_hs__and2b_2 (0) disconnected node: VNB
Cell sky130_fd_sc_hs__and2b_2 (0) disconnected node: VPB
Cell sky130_fd_sc_hs__and2b_2 (0) disconnected node: VPWR
Cell sky130_fd_sc_hs__and2b_2 (0) disconnected node: X

Subcircuit pins:
Circuit 1: sky130_fd_sc_hs__and2b_2        |Circuit 2: sky130_fd_sc_hs__and2b_2        
-------------------------------------------|-------------------------------------------
A_N                                        |A_N                                        
B                                          |B                                          
VGND                                       |VGND                                       
VNB                                        |VNB                                        
VPB                                        |VPB                                        
VPWR                                       |VPWR                                       
X                                          |X                                          
---------------------------------------------------------------------------------------
Cell pin lists are equivalent.
Device classes sky130_fd_sc_hs__and2b_2 and sky130_fd_sc_hs__and2b_2 are equivalent.

Cell sky130_fd_sc_hs__or4b_4 (0) disconnected node: A
Cell sky130_fd_sc_hs__or4b_4 (0) disconnected node: B
Cell sky130_fd_sc_hs__or4b_4 (0) disconnected node: C
Cell sky130_fd_sc_hs__or4b_4 (0) disconnected node: D_N
Cell sky130_fd_sc_hs__or4b_4 (0) disconnected node: VGND
Cell sky130_fd_sc_hs__or4b_4 (0) disconnected node: VNB
Cell sky130_fd_sc_hs__or4b_4 (0) disconnected node: VPB
Cell sky130_fd_sc_hs__or4b_4 (0) disconnected node: VPWR
Cell sky130_fd_sc_hs__or4b_4 (0) disconnected node: X

Subcircuit pins:
Circuit 1: sky130_fd_sc_hs__or4b_4         |Circuit 2: sky130_fd_sc_hs__or4b_4         
-------------------------------------------|-------------------------------------------
A                                          |A                                          
B                                          |B                                          
C                                          |C                                          
D_N                                        |D_N                                        
VGND                                       |VGND                                       
VNB                                        |VNB                                        
VPB                                        |VPB                                        
VPWR                                       |VPWR                                       
X                                          |X                                          
---------------------------------------------------------------------------------------
Cell pin lists are equivalent.
Device classes sky130_fd_sc_hs__or4b_4 and sky130_fd_sc_hs__or4b_4 are equivalent.

Cell sky130_fd_sc_hs__or4_4 (0) disconnected node: A
Cell sky130_fd_sc_hs__or4_4 (0) disconnected node: B
Cell sky130_fd_sc_hs__or4_4 (0) disconnected node: C
Cell sky130_fd_sc_hs__or4_4 (0) disconnected node: D
Cell sky130_fd_sc_hs__or4_4 (0) disconnected node: VGND
Cell sky130_fd_sc_hs__or4_4 (0) disconnected node: VNB
Cell sky130_fd_sc_hs__or4_4 (0) disconnected node: VPB
Cell sky130_fd_sc_hs__or4_4 (0) disconnected node: VPWR
Cell sky130_fd_sc_hs__or4_4 (0) disconnected node: X

Subcircuit pins:
Circuit 1: sky130_fd_sc_hs__or4_4          |Circuit 2: sky130_fd_sc_hs__or4_4          
-------------------------------------------|-------------------------------------------
A                                          |A                                          
B                                          |B                                          
C                                          |C                                          
D                                          |D                                          
VGND                                       |VGND                                       
VNB                                        |VNB                                        
VPB                                        |VPB                                        
VPWR                                       |VPWR                                       
X                                          |X                                          
---------------------------------------------------------------------------------------
Cell pin lists are equivalent.
Device classes sky130_fd_sc_hs__or4_4 and sky130_fd_sc_hs__or4_4 are equivalent.

Cell sky130_fd_sc_hs__or4bb_2 (0) disconnected node: A
Cell sky130_fd_sc_hs__or4bb_2 (0) disconnected node: B
Cell sky130_fd_sc_hs__or4bb_2 (0) disconnected node: C_N
Cell sky130_fd_sc_hs__or4bb_2 (0) disconnected node: D_N
Cell sky130_fd_sc_hs__or4bb_2 (0) disconnected node: VGND
Cell sky130_fd_sc_hs__or4bb_2 (0) disconnected node: VNB
Cell sky130_fd_sc_hs__or4bb_2 (0) disconnected node: VPB
Cell sky130_fd_sc_hs__or4bb_2 (0) disconnected node: VPWR
Cell sky130_fd_sc_hs__or4bb_2 (0) disconnected node: X

Subcircuit pins:
Circuit 1: sky130_fd_sc_hs__or4bb_2        |Circuit 2: sky130_fd_sc_hs__or4bb_2        
-------------------------------------------|-------------------------------------------
A                                          |A                                          
B                                          |B                                          
C_N                                        |C_N                                        
D_N                                        |D_N                                        
VGND                                       |VGND                                       
VNB                                        |VNB                                        
VPB                                        |VPB                                        
VPWR                                       |VPWR                                       
X                                          |X                                          
---------------------------------------------------------------------------------------
Cell pin lists are equivalent.
Device classes sky130_fd_sc_hs__or4bb_2 and sky130_fd_sc_hs__or4bb_2 are equivalent.

Cell sky130_fd_sc_hs__o311a_4 (0) disconnected node: A1
Cell sky130_fd_sc_hs__o311a_4 (0) disconnected node: A2
Cell sky130_fd_sc_hs__o311a_4 (0) disconnected node: A3
Cell sky130_fd_sc_hs__o311a_4 (0) disconnected node: B1
Cell sky130_fd_sc_hs__o311a_4 (0) disconnected node: C1
Cell sky130_fd_sc_hs__o311a_4 (0) disconnected node: VGND
Cell sky130_fd_sc_hs__o311a_4 (0) disconnected node: VNB
Cell sky130_fd_sc_hs__o311a_4 (0) disconnected node: VPB
Cell sky130_fd_sc_hs__o311a_4 (0) disconnected node: VPWR
Cell sky130_fd_sc_hs__o311a_4 (0) disconnected node: X

Subcircuit pins:
Circuit 1: sky130_fd_sc_hs__o311a_4        |Circuit 2: sky130_fd_sc_hs__o311a_4        
-------------------------------------------|-------------------------------------------
A1                                         |A1                                         
A2                                         |A2                                         
A3                                         |A3                                         
B1                                         |B1                                         
C1                                         |C1                                         
VGND                                       |VGND                                       
VNB                                        |VNB                                        
VPB                                        |VPB                                        
VPWR                                       |VPWR                                       
X                                          |X                                          
---------------------------------------------------------------------------------------
Cell pin lists are equivalent.
Device classes sky130_fd_sc_hs__o311a_4 and sky130_fd_sc_hs__o311a_4 are equivalent.

Cell sky130_fd_sc_hs__dlymetal6s2s_1 (0) disconnected node: A
Cell sky130_fd_sc_hs__dlymetal6s2s_1 (0) disconnected node: VGND
Cell sky130_fd_sc_hs__dlymetal6s2s_1 (0) disconnected node: VNB
Cell sky130_fd_sc_hs__dlymetal6s2s_1 (0) disconnected node: VPB
Cell sky130_fd_sc_hs__dlymetal6s2s_1 (0) disconnected node: VPWR
Cell sky130_fd_sc_hs__dlymetal6s2s_1 (0) disconnected node: X

Subcircuit pins:
Circuit 1: sky130_fd_sc_hs__dlymetal6s2s_1 |Circuit 2: sky130_fd_sc_hs__dlymetal6s2s_1 
-------------------------------------------|-------------------------------------------
A                                          |A                                          
VGND                                       |VGND                                       
VNB                                        |VNB                                        
VPB                                        |VPB                                        
VPWR                                       |VPWR                                       
X                                          |X                                          
---------------------------------------------------------------------------------------
Cell pin lists are equivalent.
Device classes sky130_fd_sc_hs__dlymetal6s2s_1 and sky130_fd_sc_hs__dlymetal6s2s_1 are equivalent.

Cell sky130_fd_sc_hs__o21ai_2 (0) disconnected node: A1
Cell sky130_fd_sc_hs__o21ai_2 (0) disconnected node: A2
Cell sky130_fd_sc_hs__o21ai_2 (0) disconnected node: B1
Cell sky130_fd_sc_hs__o21ai_2 (0) disconnected node: VGND
Cell sky130_fd_sc_hs__o21ai_2 (0) disconnected node: VNB
Cell sky130_fd_sc_hs__o21ai_2 (0) disconnected node: VPB
Cell sky130_fd_sc_hs__o21ai_2 (0) disconnected node: VPWR
Cell sky130_fd_sc_hs__o21ai_2 (0) disconnected node: Y

Subcircuit pins:
Circuit 1: sky130_fd_sc_hs__o21ai_2        |Circuit 2: sky130_fd_sc_hs__o21ai_2        
-------------------------------------------|-------------------------------------------
A1                                         |A1                                         
A2                                         |A2                                         
B1                                         |B1                                         
VGND                                       |VGND                                       
VNB                                        |VNB                                        
VPB                                        |VPB                                        
VPWR                                       |VPWR                                       
Y                                          |Y                                          
---------------------------------------------------------------------------------------
Cell pin lists are equivalent.
Device classes sky130_fd_sc_hs__o21ai_2 and sky130_fd_sc_hs__o21ai_2 are equivalent.

Cell sky130_fd_sc_hs__nor3b_2 (0) disconnected node: A
Cell sky130_fd_sc_hs__nor3b_2 (0) disconnected node: B
Cell sky130_fd_sc_hs__nor3b_2 (0) disconnected node: C_N
Cell sky130_fd_sc_hs__nor3b_2 (0) disconnected node: VGND
Cell sky130_fd_sc_hs__nor3b_2 (0) disconnected node: VNB
Cell sky130_fd_sc_hs__nor3b_2 (0) disconnected node: VPB
Cell sky130_fd_sc_hs__nor3b_2 (0) disconnected node: VPWR
Cell sky130_fd_sc_hs__nor3b_2 (0) disconnected node: Y

Subcircuit pins:
Circuit 1: sky130_fd_sc_hs__nor3b_2        |Circuit 2: sky130_fd_sc_hs__nor3b_2        
-------------------------------------------|-------------------------------------------
A                                          |A                                          
B                                          |B                                          
C_N                                        |C_N                                        
VGND                                       |VGND                                       
VNB                                        |VNB                                        
VPB                                        |VPB                                        
VPWR                                       |VPWR                                       
Y                                          |Y                                          
---------------------------------------------------------------------------------------
Cell pin lists are equivalent.
Device classes sky130_fd_sc_hs__nor3b_2 and sky130_fd_sc_hs__nor3b_2 are equivalent.

Cell sky130_fd_sc_hs__and4bb_1 (0) disconnected node: A_N
Cell sky130_fd_sc_hs__and4bb_1 (0) disconnected node: B_N
Cell sky130_fd_sc_hs__and4bb_1 (0) disconnected node: C
Cell sky130_fd_sc_hs__and4bb_1 (0) disconnected node: D
Cell sky130_fd_sc_hs__and4bb_1 (0) disconnected node: VGND
Cell sky130_fd_sc_hs__and4bb_1 (0) disconnected node: VNB
Cell sky130_fd_sc_hs__and4bb_1 (0) disconnected node: VPB
Cell sky130_fd_sc_hs__and4bb_1 (0) disconnected node: VPWR
Cell sky130_fd_sc_hs__and4bb_1 (0) disconnected node: X

Subcircuit pins:
Circuit 1: sky130_fd_sc_hs__and4bb_1       |Circuit 2: sky130_fd_sc_hs__and4bb_1       
-------------------------------------------|-------------------------------------------
A_N                                        |A_N                                        
B_N                                        |B_N                                        
C                                          |C                                          
D                                          |D                                          
VGND                                       |VGND                                       
VNB                                        |VNB                                        
VPB                                        |VPB                                        
VPWR                                       |VPWR                                       
X                                          |X                                          
---------------------------------------------------------------------------------------
Cell pin lists are equivalent.
Device classes sky130_fd_sc_hs__and4bb_1 and sky130_fd_sc_hs__and4bb_1 are equivalent.

Cell sky130_fd_sc_hs__dlygate4sd1_1 (0) disconnected node: A
Cell sky130_fd_sc_hs__dlygate4sd1_1 (0) disconnected node: VGND
Cell sky130_fd_sc_hs__dlygate4sd1_1 (0) disconnected node: VNB
Cell sky130_fd_sc_hs__dlygate4sd1_1 (0) disconnected node: VPB
Cell sky130_fd_sc_hs__dlygate4sd1_1 (0) disconnected node: VPWR
Cell sky130_fd_sc_hs__dlygate4sd1_1 (0) disconnected node: X

Subcircuit pins:
Circuit 1: sky130_fd_sc_hs__dlygate4sd1_1  |Circuit 2: sky130_fd_sc_hs__dlygate4sd1_1  
-------------------------------------------|-------------------------------------------
A                                          |A                                          
VGND                                       |VGND                                       
VNB                                        |VNB                                        
VPB                                        |VPB                                        
VPWR                                       |VPWR                                       
X                                          |X                                          
---------------------------------------------------------------------------------------
Cell pin lists are equivalent.
Device classes sky130_fd_sc_hs__dlygate4sd1_1 and sky130_fd_sc_hs__dlygate4sd1_1 are equivalent.

Cell sky130_fd_sc_hs__a2111oi_1 (0) disconnected node: A1
Cell sky130_fd_sc_hs__a2111oi_1 (0) disconnected node: A2
Cell sky130_fd_sc_hs__a2111oi_1 (0) disconnected node: B1
Cell sky130_fd_sc_hs__a2111oi_1 (0) disconnected node: C1
Cell sky130_fd_sc_hs__a2111oi_1 (0) disconnected node: D1
Cell sky130_fd_sc_hs__a2111oi_1 (0) disconnected node: VGND
Cell sky130_fd_sc_hs__a2111oi_1 (0) disconnected node: VNB
Cell sky130_fd_sc_hs__a2111oi_1 (0) disconnected node: VPB
Cell sky130_fd_sc_hs__a2111oi_1 (0) disconnected node: VPWR
Cell sky130_fd_sc_hs__a2111oi_1 (0) disconnected node: Y

Subcircuit pins:
Circuit 1: sky130_fd_sc_hs__a2111oi_1      |Circuit 2: sky130_fd_sc_hs__a2111oi_1      
-------------------------------------------|-------------------------------------------
A1                                         |A1                                         
A2                                         |A2                                         
B1                                         |B1                                         
C1                                         |C1                                         
D1                                         |D1                                         
VGND                                       |VGND                                       
VNB                                        |VNB                                        
VPB                                        |VPB                                        
VPWR                                       |VPWR                                       
Y                                          |Y                                          
---------------------------------------------------------------------------------------
Cell pin lists are equivalent.
Device classes sky130_fd_sc_hs__a2111oi_1 and sky130_fd_sc_hs__a2111oi_1 are equivalent.

Cell sky130_fd_sc_hs__a211o_4 (0) disconnected node: A1
Cell sky130_fd_sc_hs__a211o_4 (0) disconnected node: A2
Cell sky130_fd_sc_hs__a211o_4 (0) disconnected node: B1
Cell sky130_fd_sc_hs__a211o_4 (0) disconnected node: C1
Cell sky130_fd_sc_hs__a211o_4 (0) disconnected node: VGND
Cell sky130_fd_sc_hs__a211o_4 (0) disconnected node: VNB
Cell sky130_fd_sc_hs__a211o_4 (0) disconnected node: VPB
Cell sky130_fd_sc_hs__a211o_4 (0) disconnected node: VPWR
Cell sky130_fd_sc_hs__a211o_4 (0) disconnected node: X

Subcircuit pins:
Circuit 1: sky130_fd_sc_hs__a211o_4        |Circuit 2: sky130_fd_sc_hs__a211o_4        
-------------------------------------------|-------------------------------------------
A1                                         |A1                                         
A2                                         |A2                                         
B1                                         |B1                                         
C1                                         |C1                                         
VGND                                       |VGND                                       
VNB                                        |VNB                                        
VPB                                        |VPB                                        
VPWR                                       |VPWR                                       
X                                          |X                                          
---------------------------------------------------------------------------------------
Cell pin lists are equivalent.
Device classes sky130_fd_sc_hs__a211o_4 and sky130_fd_sc_hs__a211o_4 are equivalent.

Cell sky130_fd_sc_hs__o22a_4 (0) disconnected node: A1
Cell sky130_fd_sc_hs__o22a_4 (0) disconnected node: A2
Cell sky130_fd_sc_hs__o22a_4 (0) disconnected node: B1
Cell sky130_fd_sc_hs__o22a_4 (0) disconnected node: B2
Cell sky130_fd_sc_hs__o22a_4 (0) disconnected node: VGND
Cell sky130_fd_sc_hs__o22a_4 (0) disconnected node: VNB
Cell sky130_fd_sc_hs__o22a_4 (0) disconnected node: VPB
Cell sky130_fd_sc_hs__o22a_4 (0) disconnected node: VPWR
Cell sky130_fd_sc_hs__o22a_4 (0) disconnected node: X

Subcircuit pins:
Circuit 1: sky130_fd_sc_hs__o22a_4         |Circuit 2: sky130_fd_sc_hs__o22a_4         
-------------------------------------------|-------------------------------------------
A1                                         |A1                                         
A2                                         |A2                                         
B1                                         |B1                                         
B2                                         |B2                                         
VGND                                       |VGND                                       
VNB                                        |VNB                                        
VPB                                        |VPB                                        
VPWR                                       |VPWR                                       
X                                          |X                                          
---------------------------------------------------------------------------------------
Cell pin lists are equivalent.
Device classes sky130_fd_sc_hs__o22a_4 and sky130_fd_sc_hs__o22a_4 are equivalent.

Cell sky130_fd_sc_hs__o221a_2 (0) disconnected node: A1
Cell sky130_fd_sc_hs__o221a_2 (0) disconnected node: A2
Cell sky130_fd_sc_hs__o221a_2 (0) disconnected node: B1
Cell sky130_fd_sc_hs__o221a_2 (0) disconnected node: B2
Cell sky130_fd_sc_hs__o221a_2 (0) disconnected node: C1
Cell sky130_fd_sc_hs__o221a_2 (0) disconnected node: VGND
Cell sky130_fd_sc_hs__o221a_2 (0) disconnected node: VNB
Cell sky130_fd_sc_hs__o221a_2 (0) disconnected node: VPB
Cell sky130_fd_sc_hs__o221a_2 (0) disconnected node: VPWR
Cell sky130_fd_sc_hs__o221a_2 (0) disconnected node: X

Subcircuit pins:
Circuit 1: sky130_fd_sc_hs__o221a_2        |Circuit 2: sky130_fd_sc_hs__o221a_2        
-------------------------------------------|-------------------------------------------
A1                                         |A1                                         
A2                                         |A2                                         
B1                                         |B1                                         
B2                                         |B2                                         
C1                                         |C1                                         
VGND                                       |VGND                                       
VNB                                        |VNB                                        
VPB                                        |VPB                                        
VPWR                                       |VPWR                                       
X                                          |X                                          
---------------------------------------------------------------------------------------
Cell pin lists are equivalent.
Device classes sky130_fd_sc_hs__o221a_2 and sky130_fd_sc_hs__o221a_2 are equivalent.

Cell sky130_fd_sc_hs__a311oi_2 (0) disconnected node: A1
Cell sky130_fd_sc_hs__a311oi_2 (0) disconnected node: A2
Cell sky130_fd_sc_hs__a311oi_2 (0) disconnected node: A3
Cell sky130_fd_sc_hs__a311oi_2 (0) disconnected node: B1
Cell sky130_fd_sc_hs__a311oi_2 (0) disconnected node: C1
Cell sky130_fd_sc_hs__a311oi_2 (0) disconnected node: VGND
Cell sky130_fd_sc_hs__a311oi_2 (0) disconnected node: VNB
Cell sky130_fd_sc_hs__a311oi_2 (0) disconnected node: VPB
Cell sky130_fd_sc_hs__a311oi_2 (0) disconnected node: VPWR
Cell sky130_fd_sc_hs__a311oi_2 (0) disconnected node: Y

Subcircuit pins:
Circuit 1: sky130_fd_sc_hs__a311oi_2       |Circuit 2: sky130_fd_sc_hs__a311oi_2       
-------------------------------------------|-------------------------------------------
A1                                         |A1                                         
A2                                         |A2                                         
A3                                         |A3                                         
B1                                         |B1                                         
C1                                         |C1                                         
VGND                                       |VGND                                       
VNB                                        |VNB                                        
VPB                                        |VPB                                        
VPWR                                       |VPWR                                       
Y                                          |Y                                          
---------------------------------------------------------------------------------------
Cell pin lists are equivalent.
Device classes sky130_fd_sc_hs__a311oi_2 and sky130_fd_sc_hs__a311oi_2 are equivalent.

Cell sky130_fd_sc_hs__a311oi_4 (0) disconnected node: A1
Cell sky130_fd_sc_hs__a311oi_4 (0) disconnected node: A2
Cell sky130_fd_sc_hs__a311oi_4 (0) disconnected node: A3
Cell sky130_fd_sc_hs__a311oi_4 (0) disconnected node: B1
Cell sky130_fd_sc_hs__a311oi_4 (0) disconnected node: C1
Cell sky130_fd_sc_hs__a311oi_4 (0) disconnected node: VGND
Cell sky130_fd_sc_hs__a311oi_4 (0) disconnected node: VNB
Cell sky130_fd_sc_hs__a311oi_4 (0) disconnected node: VPB
Cell sky130_fd_sc_hs__a311oi_4 (0) disconnected node: VPWR
Cell sky130_fd_sc_hs__a311oi_4 (0) disconnected node: Y

Subcircuit pins:
Circuit 1: sky130_fd_sc_hs__a311oi_4       |Circuit 2: sky130_fd_sc_hs__a311oi_4       
-------------------------------------------|-------------------------------------------
A1                                         |A1                                         
A2                                         |A2                                         
A3                                         |A3                                         
B1                                         |B1                                         
C1                                         |C1                                         
VGND                                       |VGND                                       
VNB                                        |VNB                                        
VPB                                        |VPB                                        
VPWR                                       |VPWR                                       
Y                                          |Y                                          
---------------------------------------------------------------------------------------
Cell pin lists are equivalent.
Device classes sky130_fd_sc_hs__a311oi_4 and sky130_fd_sc_hs__a311oi_4 are equivalent.

Cell sky130_fd_sc_hs__or4b_2 (0) disconnected node: A
Cell sky130_fd_sc_hs__or4b_2 (0) disconnected node: B
Cell sky130_fd_sc_hs__or4b_2 (0) disconnected node: C
Cell sky130_fd_sc_hs__or4b_2 (0) disconnected node: D_N
Cell sky130_fd_sc_hs__or4b_2 (0) disconnected node: VGND
Cell sky130_fd_sc_hs__or4b_2 (0) disconnected node: VNB
Cell sky130_fd_sc_hs__or4b_2 (0) disconnected node: VPB
Cell sky130_fd_sc_hs__or4b_2 (0) disconnected node: VPWR
Cell sky130_fd_sc_hs__or4b_2 (0) disconnected node: X

Subcircuit pins:
Circuit 1: sky130_fd_sc_hs__or4b_2         |Circuit 2: sky130_fd_sc_hs__or4b_2         
-------------------------------------------|-------------------------------------------
A                                          |A                                          
B                                          |B                                          
C                                          |C                                          
D_N                                        |D_N                                        
VGND                                       |VGND                                       
VNB                                        |VNB                                        
VPB                                        |VPB                                        
VPWR                                       |VPWR                                       
X                                          |X                                          
---------------------------------------------------------------------------------------
Cell pin lists are equivalent.
Device classes sky130_fd_sc_hs__or4b_2 and sky130_fd_sc_hs__or4b_2 are equivalent.

Cell sky130_fd_sc_hs__a31o_2 (0) disconnected node: A1
Cell sky130_fd_sc_hs__a31o_2 (0) disconnected node: A2
Cell sky130_fd_sc_hs__a31o_2 (0) disconnected node: A3
Cell sky130_fd_sc_hs__a31o_2 (0) disconnected node: B1
Cell sky130_fd_sc_hs__a31o_2 (0) disconnected node: VGND
Cell sky130_fd_sc_hs__a31o_2 (0) disconnected node: VNB
Cell sky130_fd_sc_hs__a31o_2 (0) disconnected node: VPB
Cell sky130_fd_sc_hs__a31o_2 (0) disconnected node: VPWR
Cell sky130_fd_sc_hs__a31o_2 (0) disconnected node: X

Subcircuit pins:
Circuit 1: sky130_fd_sc_hs__a31o_2         |Circuit 2: sky130_fd_sc_hs__a31o_2         
-------------------------------------------|-------------------------------------------
A1                                         |A1                                         
A2                                         |A2                                         
A3                                         |A3                                         
B1                                         |B1                                         
VGND                                       |VGND                                       
VNB                                        |VNB                                        
VPB                                        |VPB                                        
VPWR                                       |VPWR                                       
X                                          |X                                          
---------------------------------------------------------------------------------------
Cell pin lists are equivalent.
Device classes sky130_fd_sc_hs__a31o_2 and sky130_fd_sc_hs__a31o_2 are equivalent.

Cell sky130_fd_sc_hs__a211oi_2 (0) disconnected node: A1
Cell sky130_fd_sc_hs__a211oi_2 (0) disconnected node: A2
Cell sky130_fd_sc_hs__a211oi_2 (0) disconnected node: B1
Cell sky130_fd_sc_hs__a211oi_2 (0) disconnected node: C1
Cell sky130_fd_sc_hs__a211oi_2 (0) disconnected node: VGND
Cell sky130_fd_sc_hs__a211oi_2 (0) disconnected node: VNB
Cell sky130_fd_sc_hs__a211oi_2 (0) disconnected node: VPB
Cell sky130_fd_sc_hs__a211oi_2 (0) disconnected node: VPWR
Cell sky130_fd_sc_hs__a211oi_2 (0) disconnected node: Y

Subcircuit pins:
Circuit 1: sky130_fd_sc_hs__a211oi_2       |Circuit 2: sky130_fd_sc_hs__a211oi_2       
-------------------------------------------|-------------------------------------------
A1                                         |A1                                         
A2                                         |A2                                         
B1                                         |B1                                         
C1                                         |C1                                         
VGND                                       |VGND                                       
VNB                                        |VNB                                        
VPB                                        |VPB                                        
VPWR                                       |VPWR                                       
Y                                          |Y                                          
---------------------------------------------------------------------------------------
Cell pin lists are equivalent.
Device classes sky130_fd_sc_hs__a211oi_2 and sky130_fd_sc_hs__a211oi_2 are equivalent.

Cell sky130_fd_sc_hs__a41o_4 (0) disconnected node: A1
Cell sky130_fd_sc_hs__a41o_4 (0) disconnected node: A2
Cell sky130_fd_sc_hs__a41o_4 (0) disconnected node: A3
Cell sky130_fd_sc_hs__a41o_4 (0) disconnected node: A4
Cell sky130_fd_sc_hs__a41o_4 (0) disconnected node: B1
Cell sky130_fd_sc_hs__a41o_4 (0) disconnected node: VGND
Cell sky130_fd_sc_hs__a41o_4 (0) disconnected node: VNB
Cell sky130_fd_sc_hs__a41o_4 (0) disconnected node: VPB
Cell sky130_fd_sc_hs__a41o_4 (0) disconnected node: VPWR
Cell sky130_fd_sc_hs__a41o_4 (0) disconnected node: X

Subcircuit pins:
Circuit 1: sky130_fd_sc_hs__a41o_4         |Circuit 2: sky130_fd_sc_hs__a41o_4         
-------------------------------------------|-------------------------------------------
A1                                         |A1                                         
A2                                         |A2                                         
A3                                         |A3                                         
A4                                         |A4                                         
B1                                         |B1                                         
VGND                                       |VGND                                       
VNB                                        |VNB                                        
VPB                                        |VPB                                        
VPWR                                       |VPWR                                       
X                                          |X                                          
---------------------------------------------------------------------------------------
Cell pin lists are equivalent.
Device classes sky130_fd_sc_hs__a41o_4 and sky130_fd_sc_hs__a41o_4 are equivalent.

Cell sky130_fd_sc_hs__o311ai_2 (0) disconnected node: A1
Cell sky130_fd_sc_hs__o311ai_2 (0) disconnected node: A2
Cell sky130_fd_sc_hs__o311ai_2 (0) disconnected node: A3
Cell sky130_fd_sc_hs__o311ai_2 (0) disconnected node: B1
Cell sky130_fd_sc_hs__o311ai_2 (0) disconnected node: C1
Cell sky130_fd_sc_hs__o311ai_2 (0) disconnected node: VGND
Cell sky130_fd_sc_hs__o311ai_2 (0) disconnected node: VNB
Cell sky130_fd_sc_hs__o311ai_2 (0) disconnected node: VPB
Cell sky130_fd_sc_hs__o311ai_2 (0) disconnected node: VPWR
Cell sky130_fd_sc_hs__o311ai_2 (0) disconnected node: Y

Subcircuit pins:
Circuit 1: sky130_fd_sc_hs__o311ai_2       |Circuit 2: sky130_fd_sc_hs__o311ai_2       
-------------------------------------------|-------------------------------------------
A1                                         |A1                                         
A2                                         |A2                                         
A3                                         |A3                                         
B1                                         |B1                                         
C1                                         |C1                                         
VGND                                       |VGND                                       
VNB                                        |VNB                                        
VPB                                        |VPB                                        
VPWR                                       |VPWR                                       
Y                                          |Y                                          
---------------------------------------------------------------------------------------
Cell pin lists are equivalent.
Device classes sky130_fd_sc_hs__o311ai_2 and sky130_fd_sc_hs__o311ai_2 are equivalent.

Cell sky130_fd_sc_hs__a22oi_4 (0) disconnected node: A1
Cell sky130_fd_sc_hs__a22oi_4 (0) disconnected node: A2
Cell sky130_fd_sc_hs__a22oi_4 (0) disconnected node: B1
Cell sky130_fd_sc_hs__a22oi_4 (0) disconnected node: B2
Cell sky130_fd_sc_hs__a22oi_4 (0) disconnected node: VGND
Cell sky130_fd_sc_hs__a22oi_4 (0) disconnected node: VNB
Cell sky130_fd_sc_hs__a22oi_4 (0) disconnected node: VPB
Cell sky130_fd_sc_hs__a22oi_4 (0) disconnected node: VPWR
Cell sky130_fd_sc_hs__a22oi_4 (0) disconnected node: Y

Subcircuit pins:
Circuit 1: sky130_fd_sc_hs__a22oi_4        |Circuit 2: sky130_fd_sc_hs__a22oi_4        
-------------------------------------------|-------------------------------------------
A1                                         |A1                                         
A2                                         |A2                                         
B1                                         |B1                                         
B2                                         |B2                                         
VGND                                       |VGND                                       
VNB                                        |VNB                                        
VPB                                        |VPB                                        
VPWR                                       |VPWR                                       
Y                                          |Y                                          
---------------------------------------------------------------------------------------
Cell pin lists are equivalent.
Device classes sky130_fd_sc_hs__a22oi_4 and sky130_fd_sc_hs__a22oi_4 are equivalent.

Cell sky130_fd_sc_hs__or4bb_1 (0) disconnected node: A
Cell sky130_fd_sc_hs__or4bb_1 (0) disconnected node: B
Cell sky130_fd_sc_hs__or4bb_1 (0) disconnected node: C_N
Cell sky130_fd_sc_hs__or4bb_1 (0) disconnected node: D_N
Cell sky130_fd_sc_hs__or4bb_1 (0) disconnected node: VGND
Cell sky130_fd_sc_hs__or4bb_1 (0) disconnected node: VNB
Cell sky130_fd_sc_hs__or4bb_1 (0) disconnected node: VPB
Cell sky130_fd_sc_hs__or4bb_1 (0) disconnected node: VPWR
Cell sky130_fd_sc_hs__or4bb_1 (0) disconnected node: X

Subcircuit pins:
Circuit 1: sky130_fd_sc_hs__or4bb_1        |Circuit 2: sky130_fd_sc_hs__or4bb_1        
-------------------------------------------|-------------------------------------------
A                                          |A                                          
B                                          |B                                          
C_N                                        |C_N                                        
D_N                                        |D_N                                        
VGND                                       |VGND                                       
VNB                                        |VNB                                        
VPB                                        |VPB                                        
VPWR                                       |VPWR                                       
X                                          |X                                          
---------------------------------------------------------------------------------------
Cell pin lists are equivalent.
Device classes sky130_fd_sc_hs__or4bb_1 and sky130_fd_sc_hs__or4bb_1 are equivalent.

Cell sky130_fd_sc_hs__o21bai_4 (0) disconnected node: A1
Cell sky130_fd_sc_hs__o21bai_4 (0) disconnected node: A2
Cell sky130_fd_sc_hs__o21bai_4 (0) disconnected node: B1_N
Cell sky130_fd_sc_hs__o21bai_4 (0) disconnected node: VGND
Cell sky130_fd_sc_hs__o21bai_4 (0) disconnected node: VNB
Cell sky130_fd_sc_hs__o21bai_4 (0) disconnected node: VPB
Cell sky130_fd_sc_hs__o21bai_4 (0) disconnected node: VPWR
Cell sky130_fd_sc_hs__o21bai_4 (0) disconnected node: Y

Subcircuit pins:
Circuit 1: sky130_fd_sc_hs__o21bai_4       |Circuit 2: sky130_fd_sc_hs__o21bai_4       
-------------------------------------------|-------------------------------------------
A1                                         |A1                                         
A2                                         |A2                                         
B1_N                                       |B1_N                                       
VGND                                       |VGND                                       
VNB                                        |VNB                                        
VPB                                        |VPB                                        
VPWR                                       |VPWR                                       
Y                                          |Y                                          
---------------------------------------------------------------------------------------
Cell pin lists are equivalent.
Device classes sky130_fd_sc_hs__o21bai_4 and sky130_fd_sc_hs__o21bai_4 are equivalent.

Cell sky130_fd_sc_hs__and3_2 (0) disconnected node: A
Cell sky130_fd_sc_hs__and3_2 (0) disconnected node: B
Cell sky130_fd_sc_hs__and3_2 (0) disconnected node: C
Cell sky130_fd_sc_hs__and3_2 (0) disconnected node: VGND
Cell sky130_fd_sc_hs__and3_2 (0) disconnected node: VNB
Cell sky130_fd_sc_hs__and3_2 (0) disconnected node: VPB
Cell sky130_fd_sc_hs__and3_2 (0) disconnected node: VPWR
Cell sky130_fd_sc_hs__and3_2 (0) disconnected node: X

Subcircuit pins:
Circuit 1: sky130_fd_sc_hs__and3_2         |Circuit 2: sky130_fd_sc_hs__and3_2         
-------------------------------------------|-------------------------------------------
A                                          |A                                          
B                                          |B                                          
C                                          |C                                          
VGND                                       |VGND                                       
VNB                                        |VNB                                        
VPB                                        |VPB                                        
VPWR                                       |VPWR                                       
X                                          |X                                          
---------------------------------------------------------------------------------------
Cell pin lists are equivalent.
Device classes sky130_fd_sc_hs__and3_2 and sky130_fd_sc_hs__and3_2 are equivalent.

Cell sky130_fd_sc_hs__a32oi_1 (0) disconnected node: A1
Cell sky130_fd_sc_hs__a32oi_1 (0) disconnected node: A2
Cell sky130_fd_sc_hs__a32oi_1 (0) disconnected node: A3
Cell sky130_fd_sc_hs__a32oi_1 (0) disconnected node: B1
Cell sky130_fd_sc_hs__a32oi_1 (0) disconnected node: B2
Cell sky130_fd_sc_hs__a32oi_1 (0) disconnected node: VGND
Cell sky130_fd_sc_hs__a32oi_1 (0) disconnected node: VNB
Cell sky130_fd_sc_hs__a32oi_1 (0) disconnected node: VPB
Cell sky130_fd_sc_hs__a32oi_1 (0) disconnected node: VPWR
Cell sky130_fd_sc_hs__a32oi_1 (0) disconnected node: Y

Subcircuit pins:
Circuit 1: sky130_fd_sc_hs__a32oi_1        |Circuit 2: sky130_fd_sc_hs__a32oi_1        
-------------------------------------------|-------------------------------------------
A1                                         |A1                                         
A2                                         |A2                                         
A3                                         |A3                                         
B1                                         |B1                                         
B2                                         |B2                                         
VGND                                       |VGND                                       
VNB                                        |VNB                                        
VPB                                        |VPB                                        
VPWR                                       |VPWR                                       
Y                                          |Y                                          
---------------------------------------------------------------------------------------
Cell pin lists are equivalent.
Device classes sky130_fd_sc_hs__a32oi_1 and sky130_fd_sc_hs__a32oi_1 are equivalent.

Cell sky130_fd_sc_hs__o221ai_4 (0) disconnected node: A1
Cell sky130_fd_sc_hs__o221ai_4 (0) disconnected node: A2
Cell sky130_fd_sc_hs__o221ai_4 (0) disconnected node: B1
Cell sky130_fd_sc_hs__o221ai_4 (0) disconnected node: B2
Cell sky130_fd_sc_hs__o221ai_4 (0) disconnected node: C1
Cell sky130_fd_sc_hs__o221ai_4 (0) disconnected node: VGND
Cell sky130_fd_sc_hs__o221ai_4 (0) disconnected node: VNB
Cell sky130_fd_sc_hs__o221ai_4 (0) disconnected node: VPB
Cell sky130_fd_sc_hs__o221ai_4 (0) disconnected node: VPWR
Cell sky130_fd_sc_hs__o221ai_4 (0) disconnected node: Y

Subcircuit pins:
Circuit 1: sky130_fd_sc_hs__o221ai_4       |Circuit 2: sky130_fd_sc_hs__o221ai_4       
-------------------------------------------|-------------------------------------------
A1                                         |A1                                         
A2                                         |A2                                         
B1                                         |B1                                         
B2                                         |B2                                         
C1                                         |C1                                         
VGND                                       |VGND                                       
VNB                                        |VNB                                        
VPB                                        |VPB                                        
VPWR                                       |VPWR                                       
Y                                          |Y                                          
---------------------------------------------------------------------------------------
Cell pin lists are equivalent.
Device classes sky130_fd_sc_hs__o221ai_4 and sky130_fd_sc_hs__o221ai_4 are equivalent.

Cell sky130_fd_sc_hs__nor4b_4 (0) disconnected node: A
Cell sky130_fd_sc_hs__nor4b_4 (0) disconnected node: B
Cell sky130_fd_sc_hs__nor4b_4 (0) disconnected node: C
Cell sky130_fd_sc_hs__nor4b_4 (0) disconnected node: D_N
Cell sky130_fd_sc_hs__nor4b_4 (0) disconnected node: VGND
Cell sky130_fd_sc_hs__nor4b_4 (0) disconnected node: VNB
Cell sky130_fd_sc_hs__nor4b_4 (0) disconnected node: VPB
Cell sky130_fd_sc_hs__nor4b_4 (0) disconnected node: VPWR
Cell sky130_fd_sc_hs__nor4b_4 (0) disconnected node: Y

Subcircuit pins:
Circuit 1: sky130_fd_sc_hs__nor4b_4        |Circuit 2: sky130_fd_sc_hs__nor4b_4        
-------------------------------------------|-------------------------------------------
A                                          |A                                          
B                                          |B                                          
C                                          |C                                          
D_N                                        |D_N                                        
VGND                                       |VGND                                       
VNB                                        |VNB                                        
VPB                                        |VPB                                        
VPWR                                       |VPWR                                       
Y                                          |Y                                          
---------------------------------------------------------------------------------------
Cell pin lists are equivalent.
Device classes sky130_fd_sc_hs__nor4b_4 and sky130_fd_sc_hs__nor4b_4 are equivalent.

Cell sky130_fd_sc_hs__or3_4 (0) disconnected node: A
Cell sky130_fd_sc_hs__or3_4 (0) disconnected node: B
Cell sky130_fd_sc_hs__or3_4 (0) disconnected node: C
Cell sky130_fd_sc_hs__or3_4 (0) disconnected node: VGND
Cell sky130_fd_sc_hs__or3_4 (0) disconnected node: VNB
Cell sky130_fd_sc_hs__or3_4 (0) disconnected node: VPB
Cell sky130_fd_sc_hs__or3_4 (0) disconnected node: VPWR
Cell sky130_fd_sc_hs__or3_4 (0) disconnected node: X

Subcircuit pins:
Circuit 1: sky130_fd_sc_hs__or3_4          |Circuit 2: sky130_fd_sc_hs__or3_4          
-------------------------------------------|-------------------------------------------
A                                          |A                                          
B                                          |B                                          
C                                          |C                                          
VGND                                       |VGND                                       
VNB                                        |VNB                                        
VPB                                        |VPB                                        
VPWR                                       |VPWR                                       
X                                          |X                                          
---------------------------------------------------------------------------------------
Cell pin lists are equivalent.
Device classes sky130_fd_sc_hs__or3_4 and sky130_fd_sc_hs__or3_4 are equivalent.

Cell sky130_fd_sc_hs__nand2b_2 (0) disconnected node: A_N
Cell sky130_fd_sc_hs__nand2b_2 (0) disconnected node: B
Cell sky130_fd_sc_hs__nand2b_2 (0) disconnected node: VGND
Cell sky130_fd_sc_hs__nand2b_2 (0) disconnected node: VNB
Cell sky130_fd_sc_hs__nand2b_2 (0) disconnected node: VPB
Cell sky130_fd_sc_hs__nand2b_2 (0) disconnected node: VPWR
Cell sky130_fd_sc_hs__nand2b_2 (0) disconnected node: Y

Subcircuit pins:
Circuit 1: sky130_fd_sc_hs__nand2b_2       |Circuit 2: sky130_fd_sc_hs__nand2b_2       
-------------------------------------------|-------------------------------------------
A_N                                        |A_N                                        
B                                          |B                                          
VGND                                       |VGND                                       
VNB                                        |VNB                                        
VPB                                        |VPB                                        
VPWR                                       |VPWR                                       
Y                                          |Y                                          
---------------------------------------------------------------------------------------
Cell pin lists are equivalent.
Device classes sky130_fd_sc_hs__nand2b_2 and sky130_fd_sc_hs__nand2b_2 are equivalent.

Cell Processor (0) disconnected node: stall
Cell Processor (1) disconnected node: stall
Class Processor (0):  Merged 34464 parallel devices.
Class Processor (1):  Merged 34464 parallel devices.
Cell Processor (0) disconnected node: stall
Cell Processor (1) disconnected node: stall
Subcircuit summary:
Circuit 1: Processor                       |Circuit 2: Processor                       
-------------------------------------------|-------------------------------------------
sky130_fd_sc_hs__decap_4 (5512->1)         |sky130_fd_sc_hs__decap_4 (5512->1)         
sky130_fd_sc_hs__fill_8 (11058->1)         |sky130_fd_sc_hs__fill_8 (11058->1)         
sky130_fd_sc_hs__nand2b_1 (64)             |sky130_fd_sc_hs__nand2b_1 (64)             
sky130_fd_sc_hs__tapvpwrvgnd_1 (6022->1)   |sky130_fd_sc_hs__tapvpwrvgnd_1 (6022->1)   
sky130_fd_sc_hs__dfxtp_1 (3552)            |sky130_fd_sc_hs__dfxtp_1 (3552)            
sky130_fd_sc_hs__fill_1 (6518->1)          |sky130_fd_sc_hs__fill_1 (6518->1)          
sky130_fd_sc_hs__fill_2 (5359->1)          |sky130_fd_sc_hs__fill_2 (5359->1)          
sky130_fd_sc_hs__dlygate4sd3_1 (3376)      |sky130_fd_sc_hs__dlygate4sd3_1 (3376)      
sky130_fd_sc_hs__buf_2 (231)               |sky130_fd_sc_hs__buf_2 (231)               
sky130_fd_sc_hs__clkbuf_8 (613)            |sky130_fd_sc_hs__clkbuf_8 (613)            
sky130_fd_sc_hs__clkbuf_4 (711)            |sky130_fd_sc_hs__clkbuf_4 (711)            
sky130_fd_sc_hs__a222o_2 (15)              |sky130_fd_sc_hs__a222o_2 (15)              
sky130_fd_sc_hs__nand3_1 (84)              |sky130_fd_sc_hs__nand3_1 (84)              
sky130_fd_sc_hs__buf_4 (573)               |sky130_fd_sc_hs__buf_4 (573)               
sky130_fd_sc_hs__a22o_1 (236)              |sky130_fd_sc_hs__a22o_1 (236)              
sky130_fd_sc_hs__a22oi_2 (4)               |sky130_fd_sc_hs__a22oi_2 (4)               
sky130_fd_sc_hs__a222o_1 (300)             |sky130_fd_sc_hs__a222o_1 (300)             
sky130_fd_sc_hs__o221a_1 (33)              |sky130_fd_sc_hs__o221a_1 (33)              
sky130_fd_sc_hs__a221o_1 (283)             |sky130_fd_sc_hs__a221o_1 (283)             
sky130_fd_sc_hs__mux2_1 (3264)             |sky130_fd_sc_hs__mux2_1 (3264)             
sky130_fd_sc_hs__a31o_1 (85)               |sky130_fd_sc_hs__a31o_1 (85)               
sky130_fd_sc_hs__o21ai_1 (141)             |sky130_fd_sc_hs__o21ai_1 (141)             
sky130_fd_sc_hs__o211a_1 (385)             |sky130_fd_sc_hs__o211a_1 (385)             
sky130_fd_sc_hs__o31ai_1 (15)              |sky130_fd_sc_hs__o31ai_1 (15)              
sky130_fd_sc_hs__and2_1 (314)              |sky130_fd_sc_hs__and2_1 (314)              
sky130_fd_sc_hs__a211o_1 (478)             |sky130_fd_sc_hs__a211o_1 (478)             
sky130_fd_sc_hs__mux4_1 (395)              |sky130_fd_sc_hs__mux4_1 (395)              
sky130_fd_sc_hs__o22a_1 (103)              |sky130_fd_sc_hs__o22a_1 (103)              
sky130_fd_sc_hs__nor2_1 (118)              |sky130_fd_sc_hs__nor2_1 (118)              
sky130_fd_sc_hs__and4_1 (171)              |sky130_fd_sc_hs__and4_1 (171)              
sky130_fd_sc_hs__nand3_4 (91)              |sky130_fd_sc_hs__nand3_4 (91)              
sky130_fd_sc_hs__nor2_4 (27)               |sky130_fd_sc_hs__nor2_4 (27)               
sky130_fd_sc_hs__inv_2 (89)                |sky130_fd_sc_hs__inv_2 (89)                
sky130_fd_sc_hs__clkbuf_2 (125)            |sky130_fd_sc_hs__clkbuf_2 (125)            
sky130_fd_sc_hs__a41oi_4 (4)               |sky130_fd_sc_hs__a41oi_4 (4)               
sky130_fd_sc_hs__a22o_2 (14)               |sky130_fd_sc_hs__a22o_2 (14)               
sky130_fd_sc_hs__or2_2 (11)                |sky130_fd_sc_hs__or2_2 (11)                
sky130_fd_sc_hs__and4bb_4 (4)              |sky130_fd_sc_hs__and4bb_4 (4)              
sky130_fd_sc_hs__a211oi_4 (15)             |sky130_fd_sc_hs__a211oi_4 (15)             
sky130_fd_sc_hs__a21o_1 (198)              |sky130_fd_sc_hs__a21o_1 (198)              
sky130_fd_sc_hs__nand2_1 (175)             |sky130_fd_sc_hs__nand2_1 (175)             
sky130_fd_sc_hs__and2_4 (3)                |sky130_fd_sc_hs__and2_4 (3)                
sky130_fd_sc_hs__nor3_1 (22)               |sky130_fd_sc_hs__nor3_1 (22)               
sky130_fd_sc_hs__o2bb2a_1 (30)             |sky130_fd_sc_hs__o2bb2a_1 (30)             
sky130_fd_sc_hs__a311o_1 (59)              |sky130_fd_sc_hs__a311o_1 (59)              
sky130_fd_sc_hs__and4_4 (181)              |sky130_fd_sc_hs__and4_4 (181)              
sky130_fd_sc_hs__o2111a_2 (6)              |sky130_fd_sc_hs__o2111a_2 (6)              
sky130_fd_sc_hs__a41o_1 (17)               |sky130_fd_sc_hs__a41o_1 (17)               
sky130_fd_sc_hs__o21ai_4 (16)              |sky130_fd_sc_hs__o21ai_4 (16)              
sky130_fd_sc_hs__o22ai_1 (10)              |sky130_fd_sc_hs__o22ai_1 (10)              
sky130_fd_sc_hs__a32o_1 (212)              |sky130_fd_sc_hs__a32o_1 (212)              
sky130_fd_sc_hs__dfxtp_2 (67)              |sky130_fd_sc_hs__dfxtp_2 (67)              
sky130_fd_sc_hs__a2111o_1 (15)             |sky130_fd_sc_hs__a2111o_1 (15)             
sky130_fd_sc_hs__bufinv_16 (65)            |sky130_fd_sc_hs__bufinv_16 (65)            
sky130_fd_sc_hs__clkinv_8 (48)             |sky130_fd_sc_hs__clkinv_8 (48)             
sky130_fd_sc_hs__inv_16 (5)                |sky130_fd_sc_hs__inv_16 (5)                
sky130_fd_sc_hs__nor3_4 (24)               |sky130_fd_sc_hs__nor3_4 (24)               
sky130_fd_sc_hs__a211o_2 (18)              |sky130_fd_sc_hs__a211o_2 (18)              
sky130_fd_sc_hs__and2b_1 (99)              |sky130_fd_sc_hs__and2b_1 (99)              
sky130_fd_sc_hs__a21boi_2 (5)              |sky130_fd_sc_hs__a21boi_2 (5)              
sky130_fd_sc_hs__o211a_4 (3)               |sky130_fd_sc_hs__o211a_4 (3)               
sky130_fd_sc_hs__or2_1 (118)               |sky130_fd_sc_hs__or2_1 (118)               
sky130_fd_sc_hs__inv_8 (70)                |sky130_fd_sc_hs__inv_8 (70)                
sky130_fd_sc_hs__nand3b_2 (2)              |sky130_fd_sc_hs__nand3b_2 (2)              
sky130_fd_sc_hs__a2bb2oi_4 (2)             |sky130_fd_sc_hs__a2bb2oi_4 (2)             
sky130_fd_sc_hs__nand3b_1 (6)              |sky130_fd_sc_hs__nand3b_1 (6)              
sky130_fd_sc_hs__a21bo_1 (17)              |sky130_fd_sc_hs__a21bo_1 (17)              
sky130_fd_sc_hs__a21oi_1 (39)              |sky130_fd_sc_hs__a21oi_1 (39)              
sky130_fd_sc_hs__o2111ai_2 (34)            |sky130_fd_sc_hs__o2111ai_2 (34)            
sky130_fd_sc_hs__o311ai_4 (8)              |sky130_fd_sc_hs__o311ai_4 (8)              
sky130_fd_sc_hs__inv_4 (12)                |sky130_fd_sc_hs__inv_4 (12)                
sky130_fd_sc_hs__a31oi_1 (62)              |sky130_fd_sc_hs__a31oi_1 (62)              
sky130_fd_sc_hs__xor2_2 (11)               |sky130_fd_sc_hs__xor2_2 (11)               
sky130_fd_sc_hs__a21oi_2 (9)               |sky130_fd_sc_hs__a21oi_2 (9)               
sky130_fd_sc_hs__o31a_1 (95)               |sky130_fd_sc_hs__o31a_1 (95)               
sky130_fd_sc_hs__and4bb_2 (7)              |sky130_fd_sc_hs__and4bb_2 (7)              
sky130_fd_sc_hs__clkbuf_16 (33)            |sky130_fd_sc_hs__clkbuf_16 (33)            
sky130_fd_sc_hs__dfxtp_4 (14)              |sky130_fd_sc_hs__dfxtp_4 (14)              
sky130_fd_sc_hs__o311a_2 (6)               |sky130_fd_sc_hs__o311a_2 (6)               
sky130_fd_sc_hs__a32oi_2 (4)               |sky130_fd_sc_hs__a32oi_2 (4)               
sky130_fd_sc_hs__or4_1 (18)                |sky130_fd_sc_hs__or4_1 (18)                
sky130_fd_sc_hs__o32a_1 (21)               |sky130_fd_sc_hs__o32a_1 (21)               
sky130_fd_sc_hs__o2111ai_4 (3)             |sky130_fd_sc_hs__o2111ai_4 (3)             
sky130_fd_sc_hs__a222oi_2 (27)             |sky130_fd_sc_hs__a222oi_2 (27)             
sky130_fd_sc_hs__o2111a_1 (43)             |sky130_fd_sc_hs__o2111a_1 (43)             
sky130_fd_sc_hs__o311a_1 (49)              |sky130_fd_sc_hs__o311a_1 (49)              
sky130_fd_sc_hs__nand4_2 (37)              |sky130_fd_sc_hs__nand4_2 (37)              
sky130_fd_sc_hs__and4_2 (15)               |sky130_fd_sc_hs__and4_2 (15)               
sky130_fd_sc_hs__o211a_2 (34)              |sky130_fd_sc_hs__o211a_2 (34)              
sky130_fd_sc_hs__nor2_8 (6)                |sky130_fd_sc_hs__nor2_8 (6)                
sky130_fd_sc_hs__clkinv_1 (35)             |sky130_fd_sc_hs__clkinv_1 (35)             
sky130_fd_sc_hs__clkinv_4 (117)            |sky130_fd_sc_hs__clkinv_4 (117)            
sky130_fd_sc_hs__a311oi_1 (7)              |sky130_fd_sc_hs__a311oi_1 (7)              
sky130_fd_sc_hs__and4b_2 (3)               |sky130_fd_sc_hs__and4b_2 (3)               
sky130_fd_sc_hs__a41oi_2 (3)               |sky130_fd_sc_hs__a41oi_2 (3)               
sky130_fd_sc_hs__nor2_2 (23)               |sky130_fd_sc_hs__nor2_2 (23)               
sky130_fd_sc_hs__clkinv_2 (38)             |sky130_fd_sc_hs__clkinv_2 (38)             
sky130_fd_sc_hs__and3b_1 (13)              |sky130_fd_sc_hs__and3b_1 (13)              
sky130_fd_sc_hs__nor4_4 (7)                |sky130_fd_sc_hs__nor4_4 (7)                
sky130_fd_sc_hs__a31oi_2 (16)              |sky130_fd_sc_hs__a31oi_2 (16)              
sky130_fd_sc_hs__nor3b_4 (3)               |sky130_fd_sc_hs__nor3b_4 (3)               
sky130_fd_sc_hs__buf_8 (45)                |sky130_fd_sc_hs__buf_8 (45)                
sky130_fd_sc_hs__a22oi_1 (12)              |sky130_fd_sc_hs__a22oi_1 (12)              
sky130_fd_sc_hs__nor4_1 (15)               |sky130_fd_sc_hs__nor4_1 (15)               
sky130_fd_sc_hs__and3_1 (19)               |sky130_fd_sc_hs__and3_1 (19)               
sky130_fd_sc_hs__a31oi_4 (26)              |sky130_fd_sc_hs__a31oi_4 (26)              
sky130_fd_sc_hs__nand2_2 (19)              |sky130_fd_sc_hs__nand2_2 (19)              
sky130_fd_sc_hs__xor2_4 (7)                |sky130_fd_sc_hs__xor2_4 (7)                
sky130_fd_sc_hs__nand4_1 (8)               |sky130_fd_sc_hs__nand4_1 (8)               
sky130_fd_sc_hs__o21ba_1 (12)              |sky130_fd_sc_hs__o21ba_1 (12)              
sky130_fd_sc_hs__and4b_4 (7)               |sky130_fd_sc_hs__and4b_4 (7)               
sky130_fd_sc_hs__or3_1 (9)                 |sky130_fd_sc_hs__or3_1 (9)                 
sky130_fd_sc_hs__nand2_4 (18)              |sky130_fd_sc_hs__nand2_4 (18)              
sky130_fd_sc_hs__xor2_1 (26)               |sky130_fd_sc_hs__xor2_1 (26)               
sky130_fd_sc_hs__o32a_2 (4)                |sky130_fd_sc_hs__o32a_2 (4)                
sky130_fd_sc_hs__o22ai_2 (8)               |sky130_fd_sc_hs__o22ai_2 (8)               
sky130_fd_sc_hs__and2_2 (16)               |sky130_fd_sc_hs__and2_2 (16)               
sky130_fd_sc_hs__nor4_2 (4)                |sky130_fd_sc_hs__nor4_2 (4)                
sky130_fd_sc_hs__a211oi_1 (32)             |sky130_fd_sc_hs__a211oi_1 (32)             
sky130_fd_sc_hs__o31a_4 (1)                |sky130_fd_sc_hs__o31a_4 (1)                
sky130_fd_sc_hs__a2bb2oi_1 (8)             |sky130_fd_sc_hs__a2bb2oi_1 (8)             
sky130_fd_sc_hs__a2111o_2 (2)              |sky130_fd_sc_hs__a2111o_2 (2)              
sky130_fd_sc_hs__a221o_2 (4)               |sky130_fd_sc_hs__a221o_2 (4)               
sky130_fd_sc_hs__nand4b_1 (2)              |sky130_fd_sc_hs__nand4b_1 (2)              
sky130_fd_sc_hs__o2bb2ai_1 (17)            |sky130_fd_sc_hs__o2bb2ai_1 (17)            
sky130_fd_sc_hs__mux2_2 (7)                |sky130_fd_sc_hs__mux2_2 (7)                
sky130_fd_sc_hs__a2bb2o_1 (10)             |sky130_fd_sc_hs__a2bb2o_1 (10)             
sky130_fd_sc_hs__clkbuf_1 (53)             |sky130_fd_sc_hs__clkbuf_1 (53)             
sky130_fd_sc_hs__o41a_1 (10)               |sky130_fd_sc_hs__o41a_1 (10)               
sky130_fd_sc_hs__buf_1 (27)                |sky130_fd_sc_hs__buf_1 (27)                
sky130_fd_sc_hs__nand3_2 (19)              |sky130_fd_sc_hs__nand3_2 (19)              
sky130_fd_sc_hs__and4b_1 (22)              |sky130_fd_sc_hs__and4b_1 (22)              
sky130_fd_sc_hs__o31ai_2 (4)               |sky130_fd_sc_hs__o31ai_2 (4)               
sky130_fd_sc_hs__nor3_2 (8)                |sky130_fd_sc_hs__nor3_2 (8)                
sky130_fd_sc_hs__a221oi_4 (4)              |sky130_fd_sc_hs__a221oi_4 (4)              
sky130_fd_sc_hs__xnor2_2 (5)               |sky130_fd_sc_hs__xnor2_2 (5)               
sky130_fd_sc_hs__o211ai_1 (34)             |sky130_fd_sc_hs__o211ai_1 (34)             
sky130_fd_sc_hs__o211ai_4 (20)             |sky130_fd_sc_hs__o211ai_4 (20)             
sky130_fd_sc_hs__or4_2 (2)                 |sky130_fd_sc_hs__or4_2 (2)                 
sky130_fd_sc_hs__a21boi_1 (18)             |sky130_fd_sc_hs__a21boi_1 (18)             
sky130_fd_sc_hs__a2111oi_2 (4)             |sky130_fd_sc_hs__a2111oi_2 (4)             
sky130_fd_sc_hs__o21a_1 (61)               |sky130_fd_sc_hs__o21a_1 (61)               
sky130_fd_sc_hs__a221oi_2 (3)              |sky130_fd_sc_hs__a221oi_2 (3)              
sky130_fd_sc_hs__o32ai_1 (2)               |sky130_fd_sc_hs__o32ai_1 (2)               
sky130_fd_sc_hs__o2bb2ai_2 (2)             |sky130_fd_sc_hs__o2bb2ai_2 (2)             
sky130_fd_sc_hs__a22o_4 (7)                |sky130_fd_sc_hs__a22o_4 (7)                
sky130_fd_sc_hs__o2111ai_1 (7)             |sky130_fd_sc_hs__o2111ai_1 (7)             
sky130_fd_sc_hs__o311ai_1 (6)              |sky130_fd_sc_hs__o311ai_1 (6)              
sky130_fd_sc_hs__o211ai_2 (11)             |sky130_fd_sc_hs__o211ai_2 (11)             
sky130_fd_sc_hs__a21bo_2 (4)               |sky130_fd_sc_hs__a21bo_2 (4)               
sky130_fd_sc_hs__o21bai_1 (4)              |sky130_fd_sc_hs__o21bai_1 (4)              
sky130_fd_sc_hs__xnor2_1 (7)               |sky130_fd_sc_hs__xnor2_1 (7)               
sky130_fd_sc_hs__a41oi_1 (4)               |sky130_fd_sc_hs__a41oi_1 (4)               
sky130_fd_sc_hs__nand4_4 (4)               |sky130_fd_sc_hs__nand4_4 (4)               
sky130_fd_sc_hs__a21bo_4 (4)               |sky130_fd_sc_hs__a21bo_4 (4)               
sky130_fd_sc_hs__mux2_4 (6)                |sky130_fd_sc_hs__mux2_4 (6)                
sky130_fd_sc_hs__nand2_8 (6)               |sky130_fd_sc_hs__nand2_8 (6)               
sky130_fd_sc_hs__or4b_1 (10)               |sky130_fd_sc_hs__or4b_1 (10)               
sky130_fd_sc_hs__and3_4 (2)                |sky130_fd_sc_hs__and3_4 (2)                
sky130_fd_sc_hs__a221oi_1 (4)              |sky130_fd_sc_hs__a221oi_1 (4)              
sky130_fd_sc_hs__o221ai_1 (9)              |sky130_fd_sc_hs__o221ai_1 (9)              
sky130_fd_sc_hs__a21o_2 (2)                |sky130_fd_sc_hs__a21o_2 (2)                
sky130_fd_sc_hs__a21oi_4 (5)               |sky130_fd_sc_hs__a21oi_4 (5)               
sky130_fd_sc_hs__o21a_4 (1)                |sky130_fd_sc_hs__o21a_4 (1)                
sky130_fd_sc_hs__o21a_2 (6)                |sky130_fd_sc_hs__o21a_2 (6)                
sky130_fd_sc_hs__nand4b_4 (2)              |sky130_fd_sc_hs__nand4b_4 (2)              
sky130_fd_sc_hs__a2bb2oi_2 (2)             |sky130_fd_sc_hs__a2bb2oi_2 (2)             
sky130_fd_sc_hs__nor3b_1 (8)               |sky130_fd_sc_hs__nor3b_1 (8)               
sky130_fd_sc_hs__or2_4 (3)                 |sky130_fd_sc_hs__or2_4 (3)                 
sky130_fd_sc_hs__o2bb2a_2 (1)              |sky130_fd_sc_hs__o2bb2a_2 (1)              
sky130_fd_sc_hs__and3b_2 (3)               |sky130_fd_sc_hs__and3b_2 (3)               
sky130_fd_sc_hs__o22ai_4 (3)               |sky130_fd_sc_hs__o22ai_4 (3)               
sky130_fd_sc_hs__a311o_2 (1)               |sky130_fd_sc_hs__a311o_2 (1)               
sky130_fd_sc_hs__or3_2 (2)                 |sky130_fd_sc_hs__or3_2 (2)                 
sky130_fd_sc_hs__o221ai_2 (1)              |sky130_fd_sc_hs__o221ai_2 (1)              
sky130_fd_sc_hs__a21o_4 (2)                |sky130_fd_sc_hs__a21o_4 (2)                
sky130_fd_sc_hs__or3b_1 (3)                |sky130_fd_sc_hs__or3b_1 (3)                
sky130_fd_sc_hs__o41ai_1 (2)               |sky130_fd_sc_hs__o41ai_1 (2)               
sky130_fd_sc_hs__or3b_2 (1)                |sky130_fd_sc_hs__or3b_2 (1)                
sky130_fd_sc_hs__and2b_2 (1)               |sky130_fd_sc_hs__and2b_2 (1)               
sky130_fd_sc_hs__or4b_4 (3)                |sky130_fd_sc_hs__or4b_4 (3)                
sky130_fd_sc_hs__or4_4 (2)                 |sky130_fd_sc_hs__or4_4 (2)                 
sky130_fd_sc_hs__or4bb_2 (1)               |sky130_fd_sc_hs__or4bb_2 (1)               
sky130_fd_sc_hs__o311a_4 (2)               |sky130_fd_sc_hs__o311a_4 (2)               
sky130_fd_sc_hs__dlymetal6s2s_1 (1)        |sky130_fd_sc_hs__dlymetal6s2s_1 (1)        
sky130_fd_sc_hs__o21ai_2 (3)               |sky130_fd_sc_hs__o21ai_2 (3)               
sky130_fd_sc_hs__nor3b_2 (2)               |sky130_fd_sc_hs__nor3b_2 (2)               
sky130_fd_sc_hs__and4bb_1 (2)              |sky130_fd_sc_hs__and4bb_1 (2)              
sky130_fd_sc_hs__dlygate4sd1_1 (1)         |sky130_fd_sc_hs__dlygate4sd1_1 (1)         
sky130_fd_sc_hs__a2111oi_1 (1)             |sky130_fd_sc_hs__a2111oi_1 (1)             
sky130_fd_sc_hs__a211o_4 (2)               |sky130_fd_sc_hs__a211o_4 (2)               
sky130_fd_sc_hs__o22a_4 (1)                |sky130_fd_sc_hs__o22a_4 (1)                
sky130_fd_sc_hs__o221a_2 (2)               |sky130_fd_sc_hs__o221a_2 (2)               
sky130_fd_sc_hs__a311oi_2 (2)              |sky130_fd_sc_hs__a311oi_2 (2)              
sky130_fd_sc_hs__a311oi_4 (1)              |sky130_fd_sc_hs__a311oi_4 (1)              
sky130_fd_sc_hs__or4b_2 (3)                |sky130_fd_sc_hs__or4b_2 (3)                
sky130_fd_sc_hs__a31o_2 (1)                |sky130_fd_sc_hs__a31o_2 (1)                
sky130_fd_sc_hs__a211oi_2 (1)              |sky130_fd_sc_hs__a211oi_2 (1)              
sky130_fd_sc_hs__a41o_4 (1)                |sky130_fd_sc_hs__a41o_4 (1)                
sky130_fd_sc_hs__o311ai_2 (1)              |sky130_fd_sc_hs__o311ai_2 (1)              
sky130_fd_sc_hs__a22oi_4 (1)               |sky130_fd_sc_hs__a22oi_4 (1)               
sky130_fd_sc_hs__or4bb_1 (1)               |sky130_fd_sc_hs__or4bb_1 (1)               
sky130_fd_sc_hs__o21bai_4 (1)              |sky130_fd_sc_hs__o21bai_4 (1)              
sky130_fd_sc_hs__and3_2 (2)                |sky130_fd_sc_hs__and3_2 (2)                
sky130_fd_sc_hs__a32oi_1 (1)               |sky130_fd_sc_hs__a32oi_1 (1)               
sky130_fd_sc_hs__o221ai_4 (4)              |sky130_fd_sc_hs__o221ai_4 (4)              
sky130_fd_sc_hs__nor4b_4 (1)               |sky130_fd_sc_hs__nor4b_4 (1)               
sky130_fd_sc_hs__or3_4 (1)                 |sky130_fd_sc_hs__or3_4 (1)                 
sky130_fd_sc_hs__nand2b_2 (1)              |sky130_fd_sc_hs__nand2b_2 (1)              
Number of devices: 19100                   |Number of devices: 19100                   
Number of nets: 19099                      |Number of nets: 19099                      
---------------------------------------------------------------------------------------
Netlists match uniquely.

Subcircuit pins:
Circuit 1: Processor                       |Circuit 2: Processor                       
-------------------------------------------|-------------------------------------------
rst                                        |rst                                        
probe[24]                                  |probe[24]                                  
probe[13]                                  |probe[13]                                  
probe[22]                                  |probe[22]                                  
probe[26]                                  |probe[26]                                  
probe[10]                                  |probe[10]                                  
probe[25]                                  |probe[25]                                  
probe[23]                                  |probe[23]                                  
probe[31]                                  |probe[31]                                  
probe[20]                                  |probe[20]                                  
probe[1]                                   |probe[1]                                   
probe[15]                                  |probe[15]                                  
probe[14]                                  |probe[14]                                  
probe[3]                                   |probe[3]                                   
probe[28]                                  |probe[28]                                  
probe[16]                                  |probe[16]                                  
probe[11]                                  |probe[11]                                  
probe[0]                                   |probe[0]                                   
probe[2]                                   |probe[2]                                   
probe[19]                                  |probe[19]                                  
probe[17]                                  |probe[17]                                  
probe[7]                                   |probe[7]                                   
probe[6]                                   |probe[6]                                   
probe[12]                                  |probe[12]                                  
probe[4]                                   |probe[4]                                   
probe[21]                                  |probe[21]                                  
probe[30]                                  |probe[30]                                  
probe[18]                                  |probe[18]                                  
probe[8]                                   |probe[8]                                   
probe[27]                                  |probe[27]                                  
probe[5]                                   |probe[5]                                   
probe[29]                                  |probe[29]                                  
probe[9]                                   |probe[9]                                   
clk                                        |clk                                        
VGND                                       |VGND                                       
VPWR                                       |VPWR                                       
stall                                      |stall                                      
---------------------------------------------------------------------------------------
Cell pin lists are equivalent.
Device classes Processor and Processor are equivalent.

Final result: Circuits match uniquely.
.
